Year,League,Team,MarketValue_M_Euro,League_Avg_Attendance,League_Google_Interest,Team_Name
2015,Premier League,40,553.5,13855299.0,11.166666666666666,Manchester City
2015,Premier League,38,499.35,13855299.0,11.166666666666666,Arsenal
2015,Premier League,41,457.85,13855299.0,11.166666666666666,Chelsea FC
2015,Premier League,44,439.85,13855299.0,11.166666666666666,Liverpool FC
2015,Premier League,44,375.25,13855299.0,11.166666666666666,Liverpool FC
2015,Premier League,31,371.85,13855299.0,11.166666666666666,Tottenham Hotspur
2015,Premier League,39,249.85,13855299.0,11.166666666666666,Manchester United
2015,Premier League,35,225.5,13855299.0,11.166666666666666,Aston Villa
2015,Premier League,50,201.33,13855299.0,11.166666666666666,Newcastle United
2015,Premier League,42,198.0,13855299.0,11.166666666666666,Brighton & Hove Albion
2015,Premier League,35,161.1,13855299.0,11.166666666666666,Aston Villa
2015,Premier League,31,147.0,13855299.0,11.166666666666666,Tottenham Hotspur
2015,Premier League,36,145.8,13855299.0,11.166666666666666,Nottingham Forest
2015,Premier League,39,137.0,13855299.0,11.166666666666666,Manchester United
2015,Premier League,38,135.7,13855299.0,11.166666666666666,Arsenal
2015,Premier League,44,117.95,13855299.0,11.166666666666666,Liverpool FC
2015,Premier League,41,116.9,13855299.0,11.166666666666666,Chelsea FC
2015,Premier League,35,113.1,13855299.0,11.166666666666666,Aston Villa
2015,Premier League,42,111.25,13855299.0,11.166666666666666,Brighton & Hove Albion
2015,Premier League,49,99.9,13855299.0,11.166666666666666,West Ham United
2016,Premier League,49,686.7,13605946.0,14.666666666666666,West Ham United
2016,Premier League,35,576.5,13605946.0,14.666666666666666,Aston Villa
2016,Premier League,38,543.65,13605946.0,14.666666666666666,Arsenal
2016,Premier League,42,542.0,13605946.0,14.666666666666666,Brighton & Hove Albion
2016,Premier League,42,531.45,13605946.0,14.666666666666666,Brighton & Hove Albion
2016,Premier League,38,425.65,13605946.0,14.666666666666666,Arsenal
2016,Premier League,39,311.25,13605946.0,14.666666666666666,Manchester United
2016,Premier League,44,273.05,13605946.0,14.666666666666666,Liverpool FC
2016,Premier League,36,263.75,13605946.0,14.666666666666666,Nottingham Forest
2016,Premier League,45,228.43,13605946.0,14.666666666666666,Crystal Palace
2016,Premier League,31,218.65,13605946.0,14.666666666666666,Tottenham Hotspur
2016,Premier League,34,186.0,13605946.0,14.666666666666666,Wolverhampton Wanderers
2016,Premier League,46,175.65,13605946.0,14.666666666666666,Brentford FC
2016,Premier League,37,157.1,13605946.0,14.666666666666666,AFC Bournemouth
2016,Premier League,42,135.85,13605946.0,14.666666666666666,Brighton & Hove Albion
2016,Premier League,42,132.0,13605946.0,14.666666666666666,Brighton & Hove Albion
2016,Premier League,41,131.6,13605946.0,14.666666666666666,Chelsea FC
2016,Premier League,35,128.8,13605946.0,14.666666666666666,Aston Villa
2016,Premier League,30,123.2,13605946.0,14.666666666666666,Everton FC
2016,Premier League,36,107.18,13605946.0,14.666666666666666,Nottingham Forest
2017,Premier League,32,1010.0,14544093.0,14.083333333333334,Fulham FC
2017,Premier League,46,884.25,14544093.0,14.083333333333334,Brentford FC
2017,Premier League,35,857.5,14544093.0,14.083333333333334,Aston Villa
2017,Premier League,35,849.5,14544093.0,14.083333333333334,Aston Villa
2017,Premier League,34,829.6,14544093.0,14.083333333333334,Wolverhampton Wanderers
2017,Premier League,45,694.0,14544093.0,14.083333333333334,Crystal Palace
2017,Premier League,48,381.25,14544093.0,14.083333333333334,Burnley FC
2017,Premier League,34,304.25,14544093.0,14.083333333333334,Wolverhampton Wanderers
2017,Premier League,29,297.0,14544093.0,14.083333333333334,Sheffield United
2017,Premier League,42,268.1,14544093.0,14.083333333333334,Brighton & Hove Albion
2017,Premier League,41,220.73,14544093.0,14.083333333333334,Chelsea FC
2017,Premier League,37,208.28,14544093.0,14.083333333333334,AFC Bournemouth
2017,Premier League,37,196.0,14544093.0,14.083333333333334,AFC Bournemouth
2017,Premier League,35,192.45,14544093.0,14.083333333333334,Aston Villa
2017,Premier League,30,169.3,14544093.0,14.083333333333334,Everton FC
2017,Premier League,33,165.95,14544093.0,14.083333333333334,Luton Town
2017,Premier League,36,165.49,14544093.0,14.083333333333334,Nottingham Forest
2017,Premier League,39,148.2,14544093.0,14.083333333333334,Manchester United
2017,Premier League,35,144.5,14544093.0,14.083333333333334,Aston Villa
2017,Premier League,35,106.05,14544093.0,14.083333333333334,Aston Villa
2018,Premier League,47,1200.0,14511485.0,20.33333333333333,Team_47
2018,Premier League,39,1170.0,14511485.0,20.33333333333333,Manchester United
2018,Premier League,54,1170.0,14511485.0,20.33333333333333,Team_54
2018,Premier League,34,898.6,14511485.0,20.33333333333333,Wolverhampton Wanderers
2018,Premier League,36,797.6,14511485.0,20.33333333333333,Nottingham Forest
2018,Premier League,42,659.05,14511485.0,20.33333333333333,Brighton & Hove Albion
2018,Premier League,40,529.1,14511485.0,20.33333333333333,Manchester City
2018,Premier League,37,434.1,14511485.0,20.33333333333333,AFC Bournemouth
2018,Premier League,37,359.0,14511485.0,20.33333333333333,AFC Bournemouth
2018,Premier League,37,310.0,14511485.0,20.33333333333333,AFC Bournemouth
2018,Premier League,40,305.4,14511485.0,20.33333333333333,Manchester City
2018,Premier League,40,302.9,14511485.0,20.33333333333333,Manchester City
2018,Premier League,36,289.0,14511485.0,20.33333333333333,Nottingham Forest
2018,Premier League,33,254.25,14511485.0,20.33333333333333,Luton Town
2018,Premier League,37,244.65,14511485.0,20.33333333333333,AFC Bournemouth
2018,Premier League,39,239.1,14511485.0,20.33333333333333,Manchester United
2018,Premier League,33,197.25,14511485.0,20.33333333333333,Luton Town
2018,Premier League,41,194.35,14511485.0,20.33333333333333,Chelsea FC
2018,Premier League,33,137.45,14511485.0,20.33333333333333,Luton Town
2018,Premier League,35,113.0,14511485.0,20.33333333333333,Aston Villa
2019,Premier League,35,1050.0,11322736.0,33.75,Aston Villa
2019,Premier League,56,1000.0,11322736.0,33.75,Team_56
2019,Premier League,36,806.8,11322736.0,33.75,Nottingham Forest
2019,Premier League,36,705.85,11322736.0,33.75,Nottingham Forest
2019,Premier League,43,670.45,11322736.0,33.75,Team_43
2019,Premier League,38,607.65,11322736.0,33.75,Arsenal
2019,Premier League,35,420.55,11322736.0,33.75,Aston Villa
2019,Premier League,32,411.1,11322736.0,33.75,Fulham FC
2019,Premier League,44,320.33,11322736.0,33.75,Liverpool FC
2019,Premier League,38,303.6,11322736.0,33.75,Arsenal
2019,Premier League,39,272.18,11322736.0,33.75,Manchester United
2019,Premier League,41,252.48,11322736.0,33.75,Chelsea FC
2019,Premier League,38,231.7,11322736.0,33.75,Arsenal
2019,Premier League,36,210.75,11322736.0,33.75,Nottingham Forest
2019,Premier League,45,200.78,11322736.0,33.75,Crystal Palace
2019,Premier League,43,199.6,11322736.0,33.75,Team_43
2019,Premier League,33,189.33,11322736.0,33.75,Luton Town
2019,Premier League,35,163.88,11322736.0,33.75,Aston Villa
2019,Premier League,38,145.33,11322736.0,33.75,Arsenal
2019,Premier League,34,138.6,11322736.0,33.75,Wolverhampton Wanderers
2020,Premier League,36,1040.0,13169590.0,28.75,Nottingham Forest
2020,Premier League,43,969.65,13169590.0,28.75,Team_43
2020,Premier League,39,889.2,13169590.0,28.75,Manchester United
2020,Premier League,39,770.05,13169590.0,28.75,Manchester United
2020,Premier League,41,703.5,13169590.0,28.75,Chelsea FC
2020,Premier League,42,619.25,13169590.0,28.75,Brighton & Hove Albion
2020,Premier League,44,511.2,13169590.0,28.75,Liverpool FC
2020,Premier League,40,510.6,13169590.0,28.75,Manchester City
2020,Premier League,38,450.3,13169590.0,28.75,Arsenal
2020,Premier League,53,430.7,13169590.0,28.75,Team_53
2020,Premier League,40,336.4,13169590.0,28.75,Manchester City
2020,Premier League,46,290.4,13169590.0,28.75,Brentford FC
2020,Premier League,39,282.8,13169590.0,28.75,Manchester United
2020,Premier League,33,255.35,13169590.0,28.75,Luton Town
2020,Premier League,38,239.75,13169590.0,28.75,Arsenal
2020,Premier League,39,238.1,13169590.0,28.75,Manchester United
2020,Premier League,36,193.85,13169590.0,28.75,Nottingham Forest
2020,Premier League,40,149.85,13169590.0,28.75,Manchester City
2020,Premier League,43,141.15,13169590.0,28.75,Team_43
2020,Premier League,32,132.3,13169590.0,28.75,Fulham FC
2021,Premier League,39,1000.0,15016444.0,36.16666666666666,Manchester United
2021,Premier League,49,918.9,15016444.0,36.16666666666666,West Ham United
2021,Premier League,44,914.5,15016444.0,36.16666666666666,Liverpool FC
2021,Premier League,43,769.15,15016444.0,36.16666666666666,Team_43
2021,Premier League,45,689.35,15016444.0,36.16666666666666,Crystal Palace
2021,Premier League,41,613.05,15016444.0,36.16666666666666,Chelsea FC
2021,Premier League,40,526.55,15016444.0,36.16666666666666,Manchester City
2021,Premier League,44,487.75,15016444.0,36.16666666666666,Liverpool FC
2021,Premier League,42,479.05,15016444.0,36.16666666666666,Brighton & Hove Albion
2021,Premier League,38,376.95,15016444.0,36.16666666666666,Arsenal
2021,Premier League,37,354.9,15016444.0,36.16666666666666,AFC Bournemouth
2021,Premier League,43,318.0,15016444.0,36.16666666666666,Team_43
2021,Premier League,34,313.9,15016444.0,36.16666666666666,Wolverhampton Wanderers
2021,Premier League,35,299.45,15016444.0,36.16666666666666,Aston Villa
2021,Premier League,33,274.3,15016444.0,36.16666666666666,Luton Town
2021,Premier League,38,273.3,15016444.0,36.16666666666666,Arsenal
2021,Premier League,33,271.05,15016444.0,36.16666666666666,Luton Town
2021,Premier League,45,163.2,15016444.0,36.16666666666666,Crystal Palace
2021,Premier League,47,156.2,15016444.0,36.16666666666666,Team_47
2021,Premier League,35,137.85,15016444.0,36.16666666666666,Aston Villa
2022,Premier League,34,1150.0,15289751.0,49.083333333333336,Wolverhampton Wanderers
2022,Premier League,42,1000.0,15289751.0,49.083333333333336,Brighton & Hove Albion
2022,Premier League,43,994.95,15289751.0,49.083333333333336,Team_43
2022,Premier League,48,847.75,15289751.0,49.083333333333336,Burnley FC
2022,Premier League,39,811.85,15289751.0,49.083333333333336,Manchester United
2022,Premier League,34,649.1,15289751.0,49.083333333333336,Wolverhampton Wanderers
2022,Premier League,38,541.6,15289751.0,49.083333333333336,Arsenal
2022,Premier League,42,529.8,15289751.0,49.083333333333336,Brighton & Hove Albion
2022,Premier League,43,509.55,15289751.0,49.083333333333336,Team_43
2022,Premier League,43,497.65,15289751.0,49.083333333333336,Team_43
2022,Premier League,38,490.7,15289751.0,49.083333333333336,Arsenal
2022,Premier League,44,465.6,15289751.0,49.083333333333336,Liverpool FC
2022,Premier League,46,419.95,15289751.0,49.083333333333336,Brentford FC
2022,Premier League,40,413.15,15289751.0,49.083333333333336,Manchester City
2022,Premier League,50,376.25,15289751.0,49.083333333333336,Newcastle United
2022,Premier League,36,371.2,15289751.0,49.083333333333336,Nottingham Forest
2022,Premier League,47,345.15,15289751.0,49.083333333333336,Team_47
2022,Premier League,39,323.05,15289751.0,49.083333333333336,Manchester United
2022,Premier League,47,295.1,15289751.0,49.083333333333336,Team_47
2022,Premier League,47,287.2,15289751.0,49.083333333333336,Team_47
2023,Premier League,36,1460.0,14651758.0,50.083333333333336,Nottingham Forest
2023,Premier League,40,1200.0,14651758.0,50.083333333333336,Manchester City
2023,Premier League,56,1010.0,14651758.0,50.083333333333336,Team_56
2023,Premier League,45,955.65,14651758.0,50.083333333333336,Crystal Palace
2023,Premier League,41,838.5,14651758.0,50.083333333333336,Chelsea FC
2023,Premier League,46,808.35,14651758.0,50.083333333333336,Brentford FC
2023,Premier League,45,709.65,14651758.0,50.083333333333336,Crystal Palace
2023,Premier League,45,652.25,14651758.0,50.083333333333336,Crystal Palace
2023,Premier League,49,524.4,14651758.0,50.083333333333336,West Ham United
2023,Premier League,46,501.35,14651758.0,50.083333333333336,Brentford FC
2023,Premier League,36,487.5,14651758.0,50.083333333333336,Nottingham Forest
2023,Premier League,40,446.58,14651758.0,50.083333333333336,Manchester City
2023,Premier League,47,442.73,14651758.0,50.083333333333336,Team_47
2023,Premier League,42,428.78,14651758.0,50.083333333333336,Brighton & Hove Albion
2023,Premier League,42,401.75,14651758.0,50.083333333333336,Brighton & Hove Albion
2023,Premier League,34,391.75,14651758.0,50.083333333333336,Wolverhampton Wanderers
2023,Premier League,35,384.35,14651758.0,50.083333333333336,Aston Villa
2023,Premier League,39,273.48,14651758.0,50.083333333333336,Manchester United
2023,Premier League,45,152.35,14651758.0,50.083333333333336,Crystal Palace
2023,Premier League,46,140.9,14651758.0,50.083333333333336,Brentford FC
2024,Premier League,44,1360.0,15380351.0,44.16666666666666,Liverpool FC
2024,Premier League,58,1190.0,15380351.0,44.16666666666666,Team_58
2024,Premier League,42,1160.0,15380351.0,44.16666666666666,Brighton & Hove Albion
2024,Premier League,35,950.95,15380351.0,44.16666666666666,Aston Villa
2024,Premier League,49,825.0,15380351.0,44.16666666666666,West Ham United
2024,Premier League,41,777.3,15380351.0,44.16666666666666,Chelsea FC
2024,Premier League,41,680.55,15380351.0,44.16666666666666,Chelsea FC
2024,Premier League,36,677.53,15380351.0,44.16666666666666,Nottingham Forest
2024,Premier League,49,667.58,15380351.0,44.16666666666666,West Ham United
2024,Premier League,40,526.85,15380351.0,44.16666666666666,Manchester City
2024,Premier League,39,518.6,15380351.0,44.16666666666666,Manchester United
2024,Premier League,33,481.3,15380351.0,44.16666666666666,Luton Town
2024,Premier League,44,433.05,15380351.0,44.16666666666666,Liverpool FC
2024,Premier League,38,427.85,15380351.0,44.16666666666666,Arsenal
2024,Premier League,29,400.7,15380351.0,44.16666666666666,Sheffield United
2024,Premier League,39,363.23,15380351.0,44.16666666666666,Manchester United
2024,Premier League,28,362.35,15380351.0,44.16666666666666,Team_28
2024,Premier League,42,310.05,15380351.0,44.16666666666666,Brighton & Hove Albion
2024,Premier League,35,270.1,15380351.0,44.16666666666666,Aston Villa
2024,Premier League,40,253.35,15380351.0,44.16666666666666,Manchester City
2015,LaLiga,32,726.0,10629966.0,13.083333333333334,Real Madrid
2015,LaLiga,30,714.3,10629966.0,13.083333333333334,FC Barcelona
2015,LaLiga,30,418.5,10629966.0,13.083333333333334,FC Barcelona
2015,LaLiga,38,254.0,10629966.0,13.083333333333334,Real Sociedad
2015,LaLiga,38,230.3,10629966.0,13.083333333333334,Real Sociedad
2015,LaLiga,28,148.0,10629966.0,13.083333333333334,Atlético Madrid
2015,LaLiga,28,140.6,10629966.0,13.083333333333334,Atlético Madrid
2015,LaLiga,32,119.4,10629966.0,13.083333333333334,Real Madrid
2015,LaLiga,28,91.1,10629966.0,13.083333333333334,Atlético Madrid
2015,LaLiga,33,77.95,10629966.0,13.083333333333334,Girona FC
2015,LaLiga,33,71.5,10629966.0,13.083333333333334,Girona FC
2015,LaLiga,33,62.2,10629966.0,13.083333333333334,Girona FC
2015,LaLiga,30,61.75,10629966.0,13.083333333333334,FC Barcelona
2015,LaLiga,35,56.6,10629966.0,13.083333333333334,Athletic Bilbao
2015,LaLiga,33,56.4,10629966.0,13.083333333333334,Girona FC
2015,LaLiga,29,53.2,10629966.0,13.083333333333334,Villarreal CF
2015,LaLiga,31,53.1,10629966.0,13.083333333333334,Valencia CF
2015,LaLiga,35,49.6,10629966.0,13.083333333333334,Athletic Bilbao
2015,LaLiga,30,49.1,10629966.0,13.083333333333334,FC Barcelona
2015,LaLiga,33,32.2,10629966.0,13.083333333333334,Girona FC
2016,LaLiga,29,802.9,10709466.0,9.916666666666666,Villarreal CF
2016,LaLiga,33,765.3,10709466.0,9.916666666666666,Girona FC
2016,LaLiga,38,515.8,10709466.0,9.916666666666666,Real Sociedad
2016,LaLiga,38,270.1,10709466.0,9.916666666666666,Real Sociedad
2016,LaLiga,38,257.5,10709466.0,9.916666666666666,Real Sociedad
2016,LaLiga,34,190.7,10709466.0,9.916666666666666,Sevilla FC
2016,LaLiga,30,172.6,10709466.0,9.916666666666666,FC Barcelona
2016,LaLiga,30,156.45,10709466.0,9.916666666666666,FC Barcelona
2016,LaLiga,29,122.4,10709466.0,9.916666666666666,Villarreal CF
2016,LaLiga,37,94.0,10709466.0,9.916666666666666,Real Betis
2016,LaLiga,30,85.4,10709466.0,9.916666666666666,FC Barcelona
2016,LaLiga,32,84.3,10709466.0,9.916666666666666,Real Madrid
2016,LaLiga,33,84.3,10709466.0,9.916666666666666,Girona FC
2016,LaLiga,28,84.2,10709466.0,9.916666666666666,Atlético Madrid
2016,LaLiga,29,80.8,10709466.0,9.916666666666666,Villarreal CF
2016,LaLiga,28,67.95,10709466.0,9.916666666666666,Atlético Madrid
2016,LaLiga,40,66.45,10709466.0,9.916666666666666,Celta Vigo
2016,LaLiga,37,53.15,10709466.0,9.916666666666666,Real Betis
2016,LaLiga,31,46.75,10709466.0,9.916666666666666,Valencia CF
2016,LaLiga,37,42.9,10709466.0,9.916666666666666,Real Betis
2017,LaLiga,32,1090.0,10342948.0,11.5,Real Madrid
2017,LaLiga,32,955.35,10342948.0,11.5,Real Madrid
2017,LaLiga,36,711.15,10342948.0,11.5,Granada CF
2017,LaLiga,30,398.05,10342948.0,11.5,FC Barcelona
2017,LaLiga,33,253.2,10342948.0,11.5,Girona FC
2017,LaLiga,33,249.4,10342948.0,11.5,Girona FC
2017,LaLiga,29,232.95,10342948.0,11.5,Villarreal CF
2017,LaLiga,40,220.0,10342948.0,11.5,Celta Vigo
2017,LaLiga,32,173.05,10342948.0,11.5,Real Madrid
2017,LaLiga,31,132.25,10342948.0,11.5,Valencia CF
2017,LaLiga,29,97.8,10342948.0,11.5,Villarreal CF
2017,LaLiga,38,91.25,10342948.0,11.5,Real Sociedad
2017,LaLiga,30,81.75,10342948.0,11.5,FC Barcelona
2017,LaLiga,33,74.8,10342948.0,11.5,Girona FC
2017,LaLiga,36,66.45,10342948.0,11.5,Granada CF
2017,LaLiga,36,65.6,10342948.0,11.5,Granada CF
2017,LaLiga,37,61.85,10342948.0,11.5,Real Betis
2017,LaLiga,33,60.05,10342948.0,11.5,Girona FC
2017,LaLiga,34,58.55,10342948.0,11.5,Sevilla FC
2017,LaLiga,40,55.2,10342948.0,11.5,Celta Vigo
2018,LaLiga,39,1160.0,10295016.0,17.5,Getafe CF
2018,LaLiga,37,969.7,10295016.0,17.5,Real Betis
2018,LaLiga,36,896.1,10295016.0,17.5,Granada CF
2018,LaLiga,33,499.65,10295016.0,17.5,Girona FC
2018,LaLiga,38,306.3,10295016.0,17.5,Real Sociedad
2018,LaLiga,33,300.95,10295016.0,17.5,Girona FC
2018,LaLiga,34,290.75,10295016.0,17.5,Sevilla FC
2018,LaLiga,32,234.25,10295016.0,17.5,Real Madrid
2018,LaLiga,30,234.1,10295016.0,17.5,FC Barcelona
2018,LaLiga,32,230.65,10295016.0,17.5,Real Madrid
2018,LaLiga,30,174.7,10295016.0,17.5,FC Barcelona
2018,LaLiga,28,132.2,10295016.0,17.5,Atlético Madrid
2018,LaLiga,38,112.45,10295016.0,17.5,Real Sociedad
2018,LaLiga,29,110.8,10295016.0,17.5,Villarreal CF
2018,LaLiga,31,107.85,10295016.0,17.5,Valencia CF
2018,LaLiga,33,97.25,10295016.0,17.5,Girona FC
2018,LaLiga,29,93.9,10295016.0,17.5,Villarreal CF
2018,LaLiga,36,86.7,10295016.0,17.5,Granada CF
2018,LaLiga,41,83.0,10295016.0,17.5,Deportivo Alavés
2018,LaLiga,39,61.4,10295016.0,17.5,Getafe CF
2019,LaLiga,42,930.28,7863676.0,22.166666666666668,UD Las Palmas
2019,LaLiga,33,913.75,7863676.0,22.166666666666668,Girona FC
2019,LaLiga,33,720.15,7863676.0,22.166666666666668,Girona FC
2019,LaLiga,33,427.8,7863676.0,22.166666666666668,Girona FC
2019,LaLiga,36,347.55,7863676.0,22.166666666666668,Granada CF
2019,LaLiga,35,294.75,7863676.0,22.166666666666668,Athletic Bilbao
2019,LaLiga,38,244.35,7863676.0,22.166666666666668,Real Sociedad
2019,LaLiga,32,211.75,7863676.0,22.166666666666668,Real Madrid
2019,LaLiga,33,208.68,7863676.0,22.166666666666668,Girona FC
2019,LaLiga,33,175.45,7863676.0,22.166666666666668,Girona FC
2019,LaLiga,35,167.0,7863676.0,22.166666666666668,Athletic Bilbao
2019,LaLiga,40,156.05,7863676.0,22.166666666666668,Celta Vigo
2019,LaLiga,39,109.7,7863676.0,22.166666666666668,Getafe CF
2019,LaLiga,37,106.75,7863676.0,22.166666666666668,Real Betis
2019,LaLiga,33,90.5,7863676.0,22.166666666666668,Girona FC
2019,LaLiga,37,87.78,7863676.0,22.166666666666668,Real Betis
2019,LaLiga,35,64.68,7863676.0,22.166666666666668,Athletic Bilbao
2019,LaLiga,37,62.78,7863676.0,22.166666666666668,Real Betis
2019,LaLiga,34,56.58,7863676.0,22.166666666666668,Sevilla FC
2019,LaLiga,29,53.75,7863676.0,22.166666666666668,Villarreal CF
2020,LaLiga,32,813.5,8296552.5,23.666666666666668,Real Madrid
2020,LaLiga,37,787.3,8296552.5,23.666666666666668,Real Betis
2020,LaLiga,39,773.1,8296552.5,23.666666666666668,Getafe CF
2020,LaLiga,38,418.25,8296552.5,23.666666666666668,Real Sociedad
2020,LaLiga,38,406.6,8296552.5,23.666666666666668,Real Sociedad
2020,LaLiga,36,292.6,8296552.5,23.666666666666668,Granada CF
2020,LaLiga,35,278.85,8296552.5,23.666666666666668,Athletic Bilbao
2020,LaLiga,33,207.7,8296552.5,23.666666666666668,Girona FC
2020,LaLiga,32,204.15,8296552.5,23.666666666666668,Real Madrid
2020,LaLiga,33,170.1,8296552.5,23.666666666666668,Girona FC
2020,LaLiga,41,155.85,8296552.5,23.666666666666668,Deportivo Alavés
2020,LaLiga,44,122.65,8296552.5,23.666666666666668,CA Osasuna
2020,LaLiga,34,113.0,8296552.5,23.666666666666668,Sevilla FC
2020,LaLiga,36,96.75,8296552.5,23.666666666666668,Granada CF
2020,LaLiga,34,83.4,8296552.5,23.666666666666668,Sevilla FC
2020,LaLiga,35,79.8,8296552.5,23.666666666666668,Athletic Bilbao
2020,LaLiga,34,64.1,8296552.5,23.666666666666668,Sevilla FC
2020,LaLiga,41,63.35,8296552.5,23.666666666666668,Deportivo Alavés
2020,LaLiga,41,47.65,8296552.5,23.666666666666668,Deportivo Alavés
2020,LaLiga,41,45.65,8296552.5,23.666666666666668,Deportivo Alavés
2021,LaLiga,36,770.75,8729429.0,38.0,Granada CF
2021,LaLiga,47,735.6,8729429.0,38.0,UD Almería
2021,LaLiga,43,661.8,8729429.0,38.0,RCD Mallorca
2021,LaLiga,39,408.9,8729429.0,38.0,Getafe CF
2021,LaLiga,43,385.0,8729429.0,38.0,RCD Mallorca
2021,LaLiga,40,376.95,8729429.0,38.0,Celta Vigo
2021,LaLiga,44,310.6,8729429.0,38.0,CA Osasuna
2021,LaLiga,38,259.0,8729429.0,38.0,Real Sociedad
2021,LaLiga,31,226.05,8729429.0,38.0,Valencia CF
2021,LaLiga,43,208.68,8729429.0,38.0,RCD Mallorca
2021,LaLiga,38,131.6,8729429.0,38.0,Real Sociedad
2021,LaLiga,34,120.0,8729429.0,38.0,Sevilla FC
2021,LaLiga,32,108.45,8729429.0,38.0,Real Madrid
2021,LaLiga,39,103.75,8729429.0,38.0,Getafe CF
2021,LaLiga,42,77.9,8729429.0,38.0,UD Las Palmas
2021,LaLiga,41,74.15,8729429.0,38.0,Deportivo Alavés
2021,LaLiga,37,72.98,8729429.0,38.0,Real Betis
2021,LaLiga,37,67.8,8729429.0,38.0,Real Betis
2021,LaLiga,36,67.2,8729429.0,38.0,Granada CF
2021,LaLiga,43,65.35,8729429.0,38.0,RCD Mallorca
2022,LaLiga,36,923.45,11238224.0,37.66666666666666,Granada CF
2022,LaLiga,41,836.8,11238224.0,37.66666666666666,Deportivo Alavés
2022,LaLiga,40,534.3,11238224.0,37.66666666666666,Celta Vigo
2022,LaLiga,37,441.7,11238224.0,37.66666666666666,Real Betis
2022,LaLiga,43,363.5,11238224.0,37.66666666666666,RCD Mallorca
2022,LaLiga,40,249.78,11238224.0,37.66666666666666,Celta Vigo
2022,LaLiga,38,246.4,11238224.0,37.66666666666666,Real Sociedad
2022,LaLiga,42,232.58,11238224.0,37.66666666666666,UD Las Palmas
2022,LaLiga,31,222.45,11238224.0,37.66666666666666,Valencia CF
2022,LaLiga,31,150.05,11238224.0,37.66666666666666,Valencia CF
2022,LaLiga,37,139.9,11238224.0,37.66666666666666,Real Betis
2022,LaLiga,36,138.8,11238224.0,37.66666666666666,Granada CF
2022,LaLiga,34,118.9,11238224.0,37.66666666666666,Sevilla FC
2022,LaLiga,37,116.5,11238224.0,37.66666666666666,Real Betis
2022,LaLiga,36,114.2,11238224.0,37.66666666666666,Granada CF
2022,LaLiga,38,107.0,11238224.0,37.66666666666666,Real Sociedad
2022,LaLiga,29,103.4,11238224.0,37.66666666666666,Villarreal CF
2022,LaLiga,41,90.75,11238224.0,37.66666666666666,Deportivo Alavés
2022,LaLiga,40,67.5,11238224.0,37.66666666666666,Celta Vigo
2022,LaLiga,47,65.6,11238224.0,37.66666666666666,UD Almería
2023,LaLiga,37,1140.0,11048904.0,45.833333333333336,Real Betis
2023,LaLiga,38,916.2,11048904.0,45.833333333333336,Real Sociedad
2023,LaLiga,40,498.5,11048904.0,45.833333333333336,Celta Vigo
2023,LaLiga,42,458.45,11048904.0,45.833333333333336,UD Las Palmas
2023,LaLiga,37,297.9,11048904.0,45.833333333333336,Real Betis
2023,LaLiga,31,295.65,11048904.0,45.833333333333336,Valencia CF
2023,LaLiga,39,252.5,11048904.0,45.833333333333336,Getafe CF
2023,LaLiga,36,244.73,11048904.0,45.833333333333336,Granada CF
2023,LaLiga,49,228.75,11048904.0,45.833333333333336,Rayo Vallecano
2023,LaLiga,42,224.88,11048904.0,45.833333333333336,UD Las Palmas
2023,LaLiga,39,149.3,11048904.0,45.833333333333336,Getafe CF
2023,LaLiga,46,141.1,11048904.0,45.833333333333336,Cádiz CF
2023,LaLiga,40,133.0,11048904.0,45.833333333333336,Celta Vigo
2023,LaLiga,41,123.7,11048904.0,45.833333333333336,Deportivo Alavés
2023,LaLiga,35,112.4,11048904.0,45.833333333333336,Athletic Bilbao
2023,LaLiga,32,105.35,11048904.0,45.833333333333336,Real Madrid
2023,LaLiga,41,99.4,11048904.0,45.833333333333336,Deportivo Alavés
2023,LaLiga,35,87.7,11048904.0,45.833333333333336,Athletic Bilbao
2023,LaLiga,30,63.95,11048904.0,45.833333333333336,FC Barcelona
2023,LaLiga,44,60.7,11048904.0,45.833333333333336,CA Osasuna
2024,LaLiga,42,1350.0,11406042.0,62.0,UD Las Palmas
2024,LaLiga,39,1080.0,11406042.0,62.0,Getafe CF
2024,LaLiga,41,542.5,11406042.0,62.0,Deportivo Alavés
2024,LaLiga,37,375.35,11406042.0,62.0,Real Betis
2024,LaLiga,39,345.05,11406042.0,62.0,Getafe CF
2024,LaLiga,46,291.7,11406042.0,62.0,Cádiz CF
2024,LaLiga,36,264.25,11406042.0,62.0,Granada CF
2024,LaLiga,44,215.55,11406042.0,62.0,CA Osasuna
2024,LaLiga,44,183.9,11406042.0,62.0,CA Osasuna
2024,LaLiga,46,153.1,11406042.0,62.0,Cádiz CF
2024,LaLiga,36,130.9,11406042.0,62.0,Granada CF
2024,LaLiga,42,117.3,11406042.0,62.0,UD Las Palmas
2024,LaLiga,37,116.98,11406042.0,62.0,Real Betis
2024,LaLiga,34,113.28,11406042.0,62.0,Sevilla FC
2024,LaLiga,37,92.35,11406042.0,62.0,Real Betis
2024,LaLiga,37,87.7,11406042.0,62.0,Real Betis
2024,LaLiga,31,84.88,11406042.0,62.0,Valencia CF
2024,LaLiga,43,81.45,11406042.0,62.0,RCD Mallorca
2024,LaLiga,34,68.0,11406042.0,62.0,Sevilla FC
2024,LaLiga,40,47.98,11406042.0,62.0,Celta Vigo
2015,Bundesliga,34,596.05,13249879.0,10.25,FC Bayern Münih
2015,Bundesliga,30,352.95,13249879.0,10.25,Bayer 04 Leverkusen
2015,Bundesliga,35,270.43,13249879.0,10.25,RB Leipzig
2015,Bundesliga,33,241.3,13249879.0,10.25,Borussia Dortmund
2015,Bundesliga,32,225.2,13249879.0,10.25,VfB Stuttgart
2015,Bundesliga,29,186.15,13249879.0,10.25,Eintracht Frankfurt
2015,Bundesliga,30,90.2,13249879.0,10.25,Bayer 04 Leverkusen
2015,Bundesliga,39,85.15,13249879.0,10.25,VfL Wolfsburg
2015,Bundesliga,34,81.18,13249879.0,10.25,FC Bayern Münih
2015,Bundesliga,34,78.93,13249879.0,10.25,FC Bayern Münih
2015,Bundesliga,35,76.6,13249879.0,10.25,RB Leipzig
2015,Bundesliga,39,75.83,13249879.0,10.25,VfL Wolfsburg
2015,Bundesliga,25,68.63,13249879.0,10.25,SC Freiburg
2015,Bundesliga,39,64.68,13249879.0,10.25,VfL Wolfsburg
2015,Bundesliga,35,63.2,13249879.0,10.25,RB Leipzig
2015,Bundesliga,39,60.83,13249879.0,10.25,VfL Wolfsburg
2015,Bundesliga,29,35.65,13249879.0,10.25,Eintracht Frankfurt
2015,Bundesliga,30,25.15,13249879.0,10.25,Bayer 04 Leverkusen
2016,Bundesliga,33,562.55,12707133.0,7.75,Borussia Dortmund
2016,Bundesliga,31,390.65,12707133.0,7.75,TSG 1899 Hoffenheim
2016,Bundesliga,39,265.03,12707133.0,7.75,VfL Wolfsburg
2016,Bundesliga,39,217.25,12707133.0,7.75,VfL Wolfsburg
2016,Bundesliga,43,203.08,12707133.0,7.75,Borussia Mönchengladbach
2016,Bundesliga,33,176.33,12707133.0,7.75,Borussia Dortmund
2016,Bundesliga,33,162.18,12707133.0,7.75,Borussia Dortmund
2016,Bundesliga,33,138.63,12707133.0,7.75,Borussia Dortmund
2016,Bundesliga,30,116.15,12707133.0,7.75,Bayer 04 Leverkusen
2016,Bundesliga,39,96.73,12707133.0,7.75,VfL Wolfsburg
2016,Bundesliga,33,96.53,12707133.0,7.75,Borussia Dortmund
2016,Bundesliga,41,89.45,12707133.0,7.75,1.FC Union Berlin
2016,Bundesliga,36,86.73,12707133.0,7.75,1.FSV Mainz 05
2016,Bundesliga,38,80.48,12707133.0,7.75,FC Augsburg
2016,Bundesliga,35,72.3,12707133.0,7.75,RB Leipzig
2016,Bundesliga,37,65.85,12707133.0,7.75,SV Werder Bremen
2016,Bundesliga,32,38.63,12707133.0,7.75,VfB Stuttgart
2016,Bundesliga,39,25.98,12707133.0,7.75,VfL Wolfsburg
2017,Bundesliga,38,811.85,13665118.0,9.0,FC Augsburg
2017,Bundesliga,35,574.2,13665118.0,9.0,RB Leipzig
2017,Bundesliga,28,373.3,13665118.0,9.0,1.FC Köln
2017,Bundesliga,27,357.35,13665118.0,9.0,1.FC Heidenheim 1846
2017,Bundesliga,29,274.35,13665118.0,9.0,Eintracht Frankfurt
2017,Bundesliga,36,212.75,13665118.0,9.0,1.FSV Mainz 05
2017,Bundesliga,35,193.25,13665118.0,9.0,RB Leipzig
2017,Bundesliga,33,143.6,13665118.0,9.0,Borussia Dortmund
2017,Bundesliga,34,134.7,13665118.0,9.0,FC Bayern Münih
2017,Bundesliga,32,131.45,13665118.0,9.0,VfB Stuttgart
2017,Bundesliga,36,126.15,13665118.0,9.0,1.FSV Mainz 05
2017,Bundesliga,33,107.15,13665118.0,9.0,Borussia Dortmund
2017,Bundesliga,36,100.6,13665118.0,9.0,1.FSV Mainz 05
2017,Bundesliga,33,100.45,13665118.0,9.0,Borussia Dortmund
2017,Bundesliga,33,98.35,13665118.0,9.0,Borussia Dortmund
2017,Bundesliga,30,92.95,13665118.0,9.0,Bayer 04 Leverkusen
2017,Bundesliga,38,91.73,13665118.0,9.0,FC Augsburg
2017,Bundesliga,34,62.4,13665118.0,9.0,FC Bayern Münih
2018,Bundesliga,32,784.88,13300905.0,11.0,VfB Stuttgart
2018,Bundesliga,34,643.25,13300905.0,11.0,FC Bayern Münih
2018,Bundesliga,34,479.0,13300905.0,11.0,FC Bayern Münih
2018,Bundesliga,31,429.4,13300905.0,11.0,TSG 1899 Hoffenheim
2018,Bundesliga,38,336.25,13300905.0,11.0,FC Augsburg
2018,Bundesliga,47,313.4,13300905.0,11.0,VfL Bochum
2018,Bundesliga,30,264.3,13300905.0,11.0,Bayer 04 Leverkusen
2018,Bundesliga,36,229.25,13300905.0,11.0,1.FSV Mainz 05
2018,Bundesliga,39,221.3,13300905.0,11.0,VfL Wolfsburg
2018,Bundesliga,36,207.63,13300905.0,11.0,1.FSV Mainz 05
2018,Bundesliga,33,168.05,13300905.0,11.0,Borussia Dortmund
2018,Bundesliga,35,159.73,13300905.0,11.0,RB Leipzig
2018,Bundesliga,34,143.75,13300905.0,11.0,FC Bayern Münih
2018,Bundesliga,40,139.25,13300905.0,11.0,SV Darmstadt 98
2018,Bundesliga,34,122.1,13300905.0,11.0,FC Bayern Münih
2018,Bundesliga,34,94.95,13300905.0,11.0,FC Bayern Münih
2018,Bundesliga,37,91.43,13300905.0,11.0,SV Werder Bremen
2018,Bundesliga,29,54.4,13300905.0,11.0,Eintracht Frankfurt
2019,Bundesliga,38,777.33,9113406.0,18.916666666666668,FC Augsburg
2019,Bundesliga,37,654.05,9113406.0,18.916666666666668,SV Werder Bremen
2019,Bundesliga,38,570.48,9113406.0,18.916666666666668,FC Augsburg
2019,Bundesliga,29,398.95,9113406.0,18.916666666666668,Eintracht Frankfurt
2019,Bundesliga,34,254.7,9113406.0,18.916666666666668,FC Bayern Münih
2019,Bundesliga,37,226.05,9113406.0,18.916666666666668,SV Werder Bremen
2019,Bundesliga,33,221.58,9113406.0,18.916666666666668,Borussia Dortmund
2019,Bundesliga,42,217.2,9113406.0,18.916666666666668,Team_42
2019,Bundesliga,35,208.98,9113406.0,18.916666666666668,RB Leipzig
2019,Bundesliga,38,207.6,9113406.0,18.916666666666668,FC Augsburg
2019,Bundesliga,36,135.13,9113406.0,18.916666666666668,1.FSV Mainz 05
2019,Bundesliga,30,122.65,9113406.0,18.916666666666668,Bayer 04 Leverkusen
2019,Bundesliga,35,121.58,9113406.0,18.916666666666668,RB Leipzig
2019,Bundesliga,37,112.95,9113406.0,18.916666666666668,SV Werder Bremen
2019,Bundesliga,35,98.48,9113406.0,18.916666666666668,RB Leipzig
2019,Bundesliga,37,71.78,9113406.0,18.916666666666668,SV Werder Bremen
2019,Bundesliga,34,41.2,9113406.0,18.916666666666668,FC Bayern Münih
2019,Bundesliga,32,28.9,9113406.0,18.916666666666668,VfB Stuttgart
2020,Bundesliga,45,858.23,7773861.5,19.08333333333333,Team_45
2020,Bundesliga,32,628.4,7773861.5,19.08333333333333,VfB Stuttgart
2020,Bundesliga,32,574.95,7773861.5,19.08333333333333,VfB Stuttgart
2020,Bundesliga,33,373.25,7773861.5,19.08333333333333,Borussia Dortmund
2020,Bundesliga,33,300.75,7773861.5,19.08333333333333,Borussia Dortmund
2020,Bundesliga,36,269.15,7773861.5,19.08333333333333,1.FSV Mainz 05
2020,Bundesliga,30,256.83,7773861.5,19.08333333333333,Bayer 04 Leverkusen
2020,Bundesliga,38,228.88,7773861.5,19.08333333333333,FC Augsburg
2020,Bundesliga,37,228.15,7773861.5,19.08333333333333,SV Werder Bremen
2020,Bundesliga,32,189.25,7773861.5,19.08333333333333,VfB Stuttgart
2020,Bundesliga,36,163.3,7773861.5,19.08333333333333,1.FSV Mainz 05
2020,Bundesliga,30,139.1,7773861.5,19.08333333333333,Bayer 04 Leverkusen
2020,Bundesliga,45,123.05,7773861.5,19.08333333333333,Team_45
2020,Bundesliga,36,118.2,7773861.5,19.08333333333333,1.FSV Mainz 05
2020,Bundesliga,33,111.98,7773861.5,19.08333333333333,Borussia Dortmund
2020,Bundesliga,31,93.05,7773861.5,19.08333333333333,TSG 1899 Hoffenheim
2020,Bundesliga,33,82.05,7773861.5,19.08333333333333,Borussia Dortmund
2020,Bundesliga,33,56.73,7773861.5,19.08333333333333,Borussia Dortmund
2021,Bundesliga,38,790.33,6434317.0,26.666666666666668,FC Augsburg
2021,Bundesliga,44,558.98,6434317.0,26.666666666666668,Team_44
2021,Bundesliga,34,498.95,6434317.0,26.666666666666668,FC Bayern Münih
2021,Bundesliga,35,455.05,6434317.0,26.666666666666668,RB Leipzig
2021,Bundesliga,37,269.3,6434317.0,26.666666666666668,SV Werder Bremen
2021,Bundesliga,31,236.8,6434317.0,26.666666666666668,TSG 1899 Hoffenheim
2021,Bundesliga,36,228.75,6434317.0,26.666666666666668,1.FSV Mainz 05
2021,Bundesliga,40,211.43,6434317.0,26.666666666666668,SV Darmstadt 98
2021,Bundesliga,32,176.35,6434317.0,26.666666666666668,VfB Stuttgart
2021,Bundesliga,39,174.23,6434317.0,26.666666666666668,VfL Wolfsburg
2021,Bundesliga,45,155.78,6434317.0,26.666666666666668,Team_45
2021,Bundesliga,34,131.03,6434317.0,26.666666666666668,FC Bayern Münih
2021,Bundesliga,40,115.9,6434317.0,26.666666666666668,SV Darmstadt 98
2021,Bundesliga,31,99.28,6434317.0,26.666666666666668,TSG 1899 Hoffenheim
2021,Bundesliga,32,95.3,6434317.0,26.666666666666668,VfB Stuttgart
2021,Bundesliga,34,65.85,6434317.0,26.666666666666668,FC Bayern Münih
2021,Bundesliga,33,52.25,6434317.0,26.666666666666668,Borussia Dortmund
2021,Bundesliga,34,36.95,6434317.0,26.666666666666668,FC Bayern Münih
2022,Bundesliga,35,948.95,13155780.0,25.58333333333333,RB Leipzig
2022,Bundesliga,37,567.55,13155780.0,25.58333333333333,SV Werder Bremen
2022,Bundesliga,29,486.4,13155780.0,25.58333333333333,Eintracht Frankfurt
2022,Bundesliga,35,452.5,13155780.0,25.58333333333333,RB Leipzig
2022,Bundesliga,36,324.55,13155780.0,25.58333333333333,1.FSV Mainz 05
2022,Bundesliga,35,241.68,13155780.0,25.58333333333333,RB Leipzig
2022,Bundesliga,33,238.3,13155780.0,25.58333333333333,Borussia Dortmund
2022,Bundesliga,29,200.95,13155780.0,25.58333333333333,Eintracht Frankfurt
2022,Bundesliga,37,178.8,13155780.0,25.58333333333333,SV Werder Bremen
2022,Bundesliga,36,157.95,13155780.0,25.58333333333333,1.FSV Mainz 05
2022,Bundesliga,39,151.05,13155780.0,25.58333333333333,VfL Wolfsburg
2022,Bundesliga,35,135.9,13155780.0,25.58333333333333,RB Leipzig
2022,Bundesliga,42,132.23,13155780.0,25.58333333333333,Team_42
2022,Bundesliga,39,115.65,13155780.0,25.58333333333333,VfL Wolfsburg
2022,Bundesliga,41,94.0,13155780.0,25.58333333333333,1.FC Union Berlin
2022,Bundesliga,33,89.5,13155780.0,25.58333333333333,Borussia Dortmund
2022,Bundesliga,43,87.78,13155780.0,25.58333333333333,Borussia Mönchengladbach
2022,Bundesliga,32,53.7,13155780.0,25.58333333333333,VfB Stuttgart
2023,Bundesliga,39,965.15,12089058.0,37.25,VfL Wolfsburg
2023,Bundesliga,32,658.35,12089058.0,37.25,VfB Stuttgart
2023,Bundesliga,32,545.4,12089058.0,37.25,VfB Stuttgart
2023,Bundesliga,36,494.8,12089058.0,37.25,1.FSV Mainz 05
2023,Bundesliga,38,346.63,12089058.0,37.25,FC Augsburg
2023,Bundesliga,46,326.65,12089058.0,37.25,Team_46
2023,Bundesliga,33,206.45,12089058.0,37.25,Borussia Dortmund
2023,Bundesliga,34,180.35,12089058.0,37.25,FC Bayern Münih
2023,Bundesliga,34,176.0,12089058.0,37.25,FC Bayern Münih
2023,Bundesliga,33,165.23,12089058.0,37.25,Borussia Dortmund
2023,Bundesliga,35,160.95,12089058.0,37.25,RB Leipzig
2023,Bundesliga,34,142.88,12089058.0,37.25,FC Bayern Münih
2023,Bundesliga,38,140.8,12089058.0,37.25,FC Augsburg
2023,Bundesliga,35,134.93,12089058.0,37.25,RB Leipzig
2023,Bundesliga,33,81.45,12089058.0,37.25,Borussia Dortmund
2023,Bundesliga,28,66.45,12089058.0,37.25,1.FC Köln
2023,Bundesliga,34,64.53,12089058.0,37.25,FC Bayern Münih
2023,Bundesliga,34,38.7,12089058.0,37.25,FC Bayern Münih
2024,Bundesliga,43,953.55,11830600.0,39.91666666666666,Borussia Mönchengladbach
2024,Bundesliga,34,623.35,11830600.0,39.91666666666666,FC Bayern Münih
2024,Bundesliga,37,513.7,11830600.0,39.91666666666666,SV Werder Bremen
2024,Bundesliga,43,508.28,11830600.0,39.91666666666666,Borussia Mönchengladbach
2024,Bundesliga,33,431.25,11830600.0,39.91666666666666,Borussia Dortmund
2024,Bundesliga,39,365.23,11830600.0,39.91666666666666,VfL Wolfsburg
2024,Bundesliga,39,296.3,11830600.0,39.91666666666666,VfL Wolfsburg
2024,Bundesliga,31,187.5,11830600.0,39.91666666666666,TSG 1899 Hoffenheim
2024,Bundesliga,48,187.1,11830600.0,39.91666666666666,Team_48
2024,Bundesliga,31,186.2,11830600.0,39.91666666666666,TSG 1899 Hoffenheim
2024,Bundesliga,30,175.13,11830600.0,39.91666666666666,Bayer 04 Leverkusen
2024,Bundesliga,36,158.88,11830600.0,39.91666666666666,1.FSV Mainz 05
2024,Bundesliga,31,136.05,11830600.0,39.91666666666666,TSG 1899 Hoffenheim
2024,Bundesliga,33,132.0,11830600.0,39.91666666666666,Borussia Dortmund
2024,Bundesliga,31,72.53,11830600.0,39.91666666666666,TSG 1899 Hoffenheim
2024,Bundesliga,38,65.78,11830600.0,39.91666666666666,FC Augsburg
2024,Bundesliga,33,57.1,11830600.0,39.91666666666666,Borussia Dortmund
2024,Bundesliga,30,47.13,11830600.0,39.91666666666666,Bayer 04 Leverkusen
2015,Serie A,38,440.0,8441087.0,3.583333333333333,Inter Milan
2015,Serie A,48,332.9,8441087.0,3.583333333333333,AC Milan
2015,Serie A,34,321.93,8441087.0,3.583333333333333,SSC Napoli
2015,Serie A,42,294.28,8441087.0,3.583333333333333,Juventus
2015,Serie A,42,213.83,8441087.0,3.583333333333333,Juventus
2015,Serie A,39,190.53,8441087.0,3.583333333333333,Atalanta Bergamo
2015,Serie A,38,175.3,8441087.0,3.583333333333333,Inter Milan
2015,Serie A,43,126.53,8441087.0,3.583333333333333,Bologna FC
2015,Serie A,47,117.55,8441087.0,3.583333333333333,AS Roma
2015,Serie A,39,97.0,8441087.0,3.583333333333333,Atalanta Bergamo
2015,Serie A,43,93.0,8441087.0,3.583333333333333,Bologna FC
2015,Serie A,39,89.83,8441087.0,3.583333333333333,Atalanta Bergamo
2015,Serie A,44,78.45,8441087.0,3.583333333333333,ACF Fiorentina
2015,Serie A,42,75.23,8441087.0,3.583333333333333,Juventus
2015,Serie A,38,74.6,8441087.0,3.583333333333333,Inter Milan
2015,Serie A,40,68.68,8441087.0,3.583333333333333,Torino FC
2015,Serie A,41,52.05,8441087.0,3.583333333333333,SS Lazio
2015,Serie A,40,49.78,8441087.0,3.583333333333333,Torino FC
2015,Serie A,43,47.8,8441087.0,3.583333333333333,Bologna FC
2015,Serie A,35,38.3,8441087.0,3.583333333333333,Genoa CFC
2016,Serie A,38,497.18,8347296.0,3.8333333333333335,Inter Milan
2016,Serie A,37,387.3,8347296.0,3.8333333333333335,Udinese Calcio
2016,Serie A,47,354.68,8347296.0,3.8333333333333335,AS Roma
2016,Serie A,41,328.3,8347296.0,3.8333333333333335,SS Lazio
2016,Serie A,42,254.33,8347296.0,3.8333333333333335,Juventus
2016,Serie A,46,226.45,8347296.0,3.8333333333333335,AC Monza
2016,Serie A,42,217.08,8347296.0,3.8333333333333335,Juventus
2016,Serie A,51,162.35,8347296.0,3.8333333333333335,Hellas Verona
2016,Serie A,44,161.7,8347296.0,3.8333333333333335,ACF Fiorentina
2016,Serie A,48,145.25,8347296.0,3.8333333333333335,AC Milan
2016,Serie A,42,117.58,8347296.0,3.8333333333333335,Juventus
2016,Serie A,44,108.18,8347296.0,3.8333333333333335,ACF Fiorentina
2016,Serie A,44,101.95,8347296.0,3.8333333333333335,ACF Fiorentina
2016,Serie A,48,95.0,8347296.0,3.8333333333333335,AC Milan
2016,Serie A,46,61.08,8347296.0,3.8333333333333335,AC Monza
2016,Serie A,42,55.45,8347296.0,3.8333333333333335,Juventus
2016,Serie A,50,48.1,8347296.0,3.8333333333333335,US Sassuolo
2016,Serie A,44,45.88,8347296.0,3.8333333333333335,ACF Fiorentina
2016,Serie A,39,41.1,8347296.0,3.8333333333333335,Atalanta Bergamo
2016,Serie A,37,36.7,8347296.0,3.8333333333333335,Udinese Calcio
2017,Serie A,33,653.15,9417651.0,4.833333333333333,Frosinone Calcio
2017,Serie A,40,504.25,9417651.0,4.833333333333333,Torino FC
2017,Serie A,34,487.28,9417651.0,4.833333333333333,SSC Napoli
2017,Serie A,47,469.1,9417651.0,4.833333333333333,AS Roma
2017,Serie A,44,408.78,9417651.0,4.833333333333333,ACF Fiorentina
2017,Serie A,42,407.05,9417651.0,4.833333333333333,Juventus
2017,Serie A,41,237.33,9417651.0,4.833333333333333,SS Lazio
2017,Serie A,37,207.95,9417651.0,4.833333333333333,Udinese Calcio
2017,Serie A,39,190.45,9417651.0,4.833333333333333,Atalanta Bergamo
2017,Serie A,51,175.53,9417651.0,4.833333333333333,Hellas Verona
2017,Serie A,44,135.13,9417651.0,4.833333333333333,ACF Fiorentina
2017,Serie A,39,126.78,9417651.0,4.833333333333333,Atalanta Bergamo
2017,Serie A,46,108.03,9417651.0,4.833333333333333,AC Monza
2017,Serie A,41,103.55,9417651.0,4.833333333333333,SS Lazio
2017,Serie A,41,98.58,9417651.0,4.833333333333333,SS Lazio
2017,Serie A,42,63.55,9417651.0,4.833333333333333,Juventus
2017,Serie A,48,57.83,9417651.0,4.833333333333333,AC Milan
2017,Serie A,41,56.5,9417651.0,4.833333333333333,SS Lazio
2017,Serie A,36,55.23,9417651.0,4.833333333333333,US Lecce
2017,Serie A,40,47.88,9417651.0,4.833333333333333,Torino FC
2018,Serie A,59,871.05,9473709.0,10.666666666666666,Empoli FC
2018,Serie A,54,646.8,9473709.0,10.666666666666666,US Salernitana 1919
2018,Serie A,60,617.93,9473709.0,10.666666666666666,Cagliari Calcio
2018,Serie A,45,578.48,9473709.0,10.666666666666666,Team_45
2018,Serie A,57,459.05,9473709.0,10.666666666666666,Team_57
2018,Serie A,88,367.68,9473709.0,10.666666666666666,Team_88
2018,Serie A,56,315.33,9473709.0,10.666666666666666,Team_56
2018,Serie A,57,291.15,9473709.0,10.666666666666666,Team_57
2018,Serie A,59,242.05,9473709.0,10.666666666666666,Empoli FC
2018,Serie A,62,239.23,9473709.0,10.666666666666666,Team_62
2018,Serie A,59,216.75,9473709.0,10.666666666666666,Empoli FC
2018,Serie A,56,201.2,9473709.0,10.666666666666666,Team_56
2018,Serie A,69,191.73,9473709.0,10.666666666666666,Team_69
2018,Serie A,49,155.38,9473709.0,10.666666666666666,Team_49
2018,Serie A,48,119.68,9473709.0,10.666666666666666,AC Milan
2018,Serie A,59,105.6,9473709.0,10.666666666666666,Empoli FC
2018,Serie A,51,97.4,9473709.0,10.666666666666666,Hellas Verona
2018,Serie A,70,95.75,9473709.0,10.666666666666666,Team_70
2018,Serie A,68,54.7,9473709.0,10.666666666666666,Team_68
2018,Serie A,44,54.53,9473709.0,10.666666666666666,ACF Fiorentina
2019,Serie A,38,661.88,6806517.0,15.666666666666666,Inter Milan
2019,Serie A,34,606.05,6806517.0,15.666666666666666,SSC Napoli
2019,Serie A,33,548.28,6806517.0,15.666666666666666,Frosinone Calcio
2019,Serie A,37,404.33,6806517.0,15.666666666666666,Udinese Calcio
2019,Serie A,36,392.73,6806517.0,15.666666666666666,US Lecce
2019,Serie A,34,303.88,6806517.0,15.666666666666666,SSC Napoli
2019,Serie A,42,302.23,6806517.0,15.666666666666666,Juventus
2019,Serie A,37,291.43,6806517.0,15.666666666666666,Udinese Calcio
2019,Serie A,44,167.98,6806517.0,15.666666666666666,ACF Fiorentina
2019,Serie A,41,167.83,6806517.0,15.666666666666666,SS Lazio
2019,Serie A,37,163.55,6806517.0,15.666666666666666,Udinese Calcio
2019,Serie A,43,142.38,6806517.0,15.666666666666666,Bologna FC
2019,Serie A,38,135.28,6806517.0,15.666666666666666,Inter Milan
2019,Serie A,40,129.65,6806517.0,15.666666666666666,Torino FC
2019,Serie A,40,128.75,6806517.0,15.666666666666666,Torino FC
2019,Serie A,39,121.08,6806517.0,15.666666666666666,Atalanta Bergamo
2019,Serie A,40,112.53,6806517.0,15.666666666666666,Torino FC
2019,Serie A,33,83.23,6806517.0,15.666666666666666,Frosinone Calcio
2019,Serie A,42,73.63,6806517.0,15.666666666666666,Juventus
2019,Serie A,47,52.33,6806517.0,15.666666666666666,AS Roma
2020,Serie A,41,663.9,6868048.0,22.166666666666668,SS Lazio
2020,Serie A,45,633.3,6868048.0,22.166666666666668,Team_45
2020,Serie A,42,547.78,6868048.0,22.166666666666668,Juventus
2020,Serie A,32,530.2,6868048.0,22.166666666666668,Team_32
2020,Serie A,39,430.0,6868048.0,22.166666666666668,Atalanta Bergamo
2020,Serie A,46,395.65,6868048.0,22.166666666666668,AC Monza
2020,Serie A,44,326.33,6868048.0,22.166666666666668,ACF Fiorentina
2020,Serie A,41,286.8,6868048.0,22.166666666666668,SS Lazio
2020,Serie A,39,241.74,6868048.0,22.166666666666668,Atalanta Bergamo
2020,Serie A,42,187.83,6868048.0,22.166666666666668,Juventus
2020,Serie A,40,175.28,6868048.0,22.166666666666668,Torino FC
2020,Serie A,42,173.0,6868048.0,22.166666666666668,Juventus
2020,Serie A,46,157.21,6868048.0,22.166666666666668,AC Monza
2020,Serie A,45,153.6,6868048.0,22.166666666666668,Team_45
2020,Serie A,53,128.7,6868048.0,22.166666666666668,Team_53
2020,Serie A,34,127.18,6868048.0,22.166666666666668,SSC Napoli
2020,Serie A,44,111.93,6868048.0,22.166666666666668,ACF Fiorentina
2020,Serie A,39,71.68,6868048.0,22.166666666666668,Atalanta Bergamo
2020,Serie A,41,52.75,6868048.0,22.166666666666668,SS Lazio
2020,Serie A,36,50.13,6868048.0,22.166666666666668,US Lecce
2021,Serie A,43,642.5,6929579.0,35.916666666666664,Bologna FC
2021,Serie A,36,558.55,6929579.0,35.916666666666664,US Lecce
2021,Serie A,37,546.95,6929579.0,35.916666666666664,Udinese Calcio
2021,Serie A,37,477.23,6929579.0,35.916666666666664,Udinese Calcio
2021,Serie A,44,398.75,6929579.0,35.916666666666664,ACF Fiorentina
2021,Serie A,39,381.25,6929579.0,35.916666666666664,Atalanta Bergamo
2021,Serie A,38,325.8,6929579.0,35.916666666666664,Inter Milan
2021,Serie A,35,264.53,6929579.0,35.916666666666664,Genoa CFC
2021,Serie A,43,251.0,6929579.0,35.916666666666664,Bologna FC
2021,Serie A,41,223.4,6929579.0,35.916666666666664,SS Lazio
2021,Serie A,45,186.2,6929579.0,35.916666666666664,Team_45
2021,Serie A,43,162.98,6929579.0,35.916666666666664,Bologna FC
2021,Serie A,44,142.3,6929579.0,35.916666666666664,ACF Fiorentina
2021,Serie A,46,134.53,6929579.0,35.916666666666664,AC Monza
2021,Serie A,46,128.55,6929579.0,35.916666666666664,AC Monza
2021,Serie A,40,126.5,6929579.0,35.916666666666664,Torino FC
2021,Serie A,47,121.28,6929579.0,35.916666666666664,AS Roma
2021,Serie A,51,80.98,6929579.0,35.916666666666664,Hellas Verona
2021,Serie A,34,78.5,6929579.0,35.916666666666664,SSC Napoli
2021,Serie A,51,70.56,6929579.0,35.916666666666664,Hellas Verona
2022,Serie A,31,654.08,11224113.0,42.66666666666666,Team_31
2022,Serie A,35,567.55,11224113.0,42.66666666666666,Genoa CFC
2022,Serie A,36,545.1,11224113.0,42.66666666666666,US Lecce
2022,Serie A,40,483.13,11224113.0,42.66666666666666,Torino FC
2022,Serie A,47,361.38,11224113.0,42.66666666666666,AS Roma
2022,Serie A,38,338.38,11224113.0,42.66666666666666,Inter Milan
2022,Serie A,33,266.43,11224113.0,42.66666666666666,Frosinone Calcio
2022,Serie A,38,258.8,11224113.0,42.66666666666666,Inter Milan
2022,Serie A,35,232.2,11224113.0,42.66666666666666,Genoa CFC
2022,Serie A,38,197.19,11224113.0,42.66666666666666,Inter Milan
2022,Serie A,38,188.86,11224113.0,42.66666666666666,Inter Milan
2022,Serie A,38,153.63,11224113.0,42.66666666666666,Inter Milan
2022,Serie A,41,135.7,11224113.0,42.66666666666666,SS Lazio
2022,Serie A,44,125.53,11224113.0,42.66666666666666,ACF Fiorentina
2022,Serie A,46,123.89,11224113.0,42.66666666666666,AC Monza
2022,Serie A,45,118.35,11224113.0,42.66666666666666,Team_45
2022,Serie A,48,115.81,11224113.0,42.66666666666666,AC Milan
2022,Serie A,39,105.2,11224113.0,42.66666666666666,Atalanta Bergamo
2022,Serie A,42,83.78,11224113.0,42.66666666666666,Juventus
2022,Serie A,48,82.96,11224113.0,42.66666666666666,AC Milan
2023,Serie A,35,654.85,11748187.0,39.5,Genoa CFC
2023,Serie A,42,571.41,11748187.0,39.5,Juventus
2023,Serie A,35,515.0,11748187.0,39.5,Genoa CFC
2023,Serie A,39,504.53,11748187.0,39.5,Atalanta Bergamo
2023,Serie A,42,436.05,11748187.0,39.5,Juventus
2023,Serie A,37,349.3,11748187.0,39.5,Udinese Calcio
2023,Serie A,41,340.4,11748187.0,39.5,SS Lazio
2023,Serie A,41,284.1,11748187.0,39.5,SS Lazio
2023,Serie A,45,232.73,11748187.0,39.5,Team_45
2023,Serie A,37,225.45,11748187.0,39.5,Udinese Calcio
2023,Serie A,44,195.4,11748187.0,39.5,ACF Fiorentina
2023,Serie A,45,170.06,11748187.0,39.5,Team_45
2023,Serie A,39,143.43,11748187.0,39.5,Atalanta Bergamo
2023,Serie A,50,140.7,11748187.0,39.5,US Sassuolo
2023,Serie A,38,139.54,11748187.0,39.5,Inter Milan
2023,Serie A,48,108.4,11748187.0,39.5,AC Milan
2023,Serie A,39,107.73,11748187.0,39.5,Atalanta Bergamo
2023,Serie A,47,102.33,11748187.0,39.5,AS Roma
2023,Serie A,50,94.6,11748187.0,39.5,US Sassuolo
2023,Serie A,38,92.23,11748187.0,39.5,Inter Milan
2024,Serie A,46,741.85,11662951.0,36.91666666666666,AC Monza
2024,Serie A,43,628.73,11662951.0,36.91666666666666,Bologna FC
2024,Serie A,41,581.7,11662951.0,36.91666666666666,SS Lazio
2024,Serie A,44,501.2,11662951.0,36.91666666666666,ACF Fiorentina
2024,Serie A,37,500.45,11662951.0,36.91666666666666,Udinese Calcio
2024,Serie A,39,390.3,11662951.0,36.91666666666666,Atalanta Bergamo
2024,Serie A,44,368.13,11662951.0,36.91666666666666,ACF Fiorentina
2024,Serie A,38,340.65,11662951.0,36.91666666666666,Inter Milan
2024,Serie A,41,294.9,11662951.0,36.91666666666666,SS Lazio
2024,Serie A,48,219.28,11662951.0,36.91666666666666,AC Milan
2024,Serie A,51,203.43,11662951.0,36.91666666666666,Hellas Verona
2024,Serie A,40,198.9,11662951.0,36.91666666666666,Torino FC
2024,Serie A,48,175.35,11662951.0,36.91666666666666,AC Milan
2024,Serie A,40,175.11,11662951.0,36.91666666666666,Torino FC
2024,Serie A,44,113.43,11662951.0,36.91666666666666,ACF Fiorentina
2024,Serie A,42,107.35,11662951.0,36.91666666666666,Juventus
2024,Serie A,52,106.58,11662951.0,36.91666666666666,Team_52
2024,Serie A,46,95.83,11662951.0,36.91666666666666,AC Monza
2024,Serie A,41,95.6,11662951.0,36.91666666666666,SS Lazio
2024,Serie A,36,93.63,11662951.0,36.91666666666666,US Lecce
2015,Ligue 1,35,436.3,7947438.0,0.8333333333333334,Paris Saint-Germain
2015,Ligue 1,39,227.4,7947438.0,0.8333333333333334,AS Monaco
2015,Ligue 1,33,166.3,7947438.0,0.8333333333333334,Stade Rennes
2015,Ligue 1,38,129.5,7947438.0,0.8333333333333334,LOSC Lille
2015,Ligue 1,40,97.2,7947438.0,0.8333333333333334,Olympique Marsilya
2015,Ligue 1,38,94.15,7947438.0,0.8333333333333334,LOSC Lille
2015,Ligue 1,42,90.7,7947438.0,0.8333333333333334,Olympique Lyon
2015,Ligue 1,35,70.95,7947438.0,0.8333333333333334,Paris Saint-Germain
2015,Ligue 1,34,70.8,7947438.0,0.8333333333333334,OGC Nice
2015,Ligue 1,35,58.05,7947438.0,0.8333333333333334,Paris Saint-Germain
2015,Ligue 1,32,44.4,7947438.0,0.8333333333333334,RC Lens
2015,Ligue 1,35,42.95,7947438.0,0.8333333333333334,Paris Saint-Germain
2015,Ligue 1,32,42.9,7947438.0,0.8333333333333334,RC Lens
2015,Ligue 1,32,39.3,7947438.0,0.8333333333333334,RC Lens
2015,Ligue 1,30,36.8,7947438.0,0.8333333333333334,RC Strasbourg Alsace
2015,Ligue 1,31,33.5,7947438.0,0.8333333333333334,Montpellier HSC
2015,Ligue 1,34,32.35,7947438.0,0.8333333333333334,OGC Nice
2015,Ligue 1,37,30.7,7947438.0,0.8333333333333334,Toulouse FC
2015,Ligue 1,31,24.25,7947438.0,0.8333333333333334,Montpellier HSC
2015,Ligue 1,30,18.4,7947438.0,0.8333333333333334,RC Strasbourg Alsace
2016,Ligue 1,39,519.0,7962103.0,1.0,AS Monaco
2016,Ligue 1,47,309.55,7962103.0,1.0,Stade Reims
2016,Ligue 1,34,211.35,7962103.0,1.0,OGC Nice
2016,Ligue 1,39,132.8,7962103.0,1.0,AS Monaco
2016,Ligue 1,33,119.65,7962103.0,1.0,Stade Rennes
2016,Ligue 1,36,88.9,7962103.0,1.0,FC Lorient
2016,Ligue 1,42,85.03,7962103.0,1.0,Olympique Lyon
2016,Ligue 1,46,83.9,7962103.0,1.0,FC Nantes
2016,Ligue 1,43,80.9,7962103.0,1.0,Stade Brest 29
2016,Ligue 1,38,77.3,7962103.0,1.0,LOSC Lille
2016,Ligue 1,41,61.1,7962103.0,1.0,Le Havre AC
2016,Ligue 1,35,60.95,7962103.0,1.0,Paris Saint-Germain
2016,Ligue 1,30,50.9,7962103.0,1.0,RC Strasbourg Alsace
2016,Ligue 1,36,46.08,7962103.0,1.0,FC Lorient
2016,Ligue 1,35,42.5,7962103.0,1.0,Paris Saint-Germain
2016,Ligue 1,39,37.55,7962103.0,1.0,AS Monaco
2016,Ligue 1,36,36.65,7962103.0,1.0,FC Lorient
2016,Ligue 1,37,36.45,7962103.0,1.0,Toulouse FC
2016,Ligue 1,30,33.1,7962103.0,1.0,RC Strasbourg Alsace
2016,Ligue 1,33,31.2,7962103.0,1.0,Stade Rennes
2017,Ligue 1,35,900.1,8559423.0,1.6666666666666667,Paris Saint-Germain
2017,Ligue 1,38,529.8,8559423.0,1.6666666666666667,LOSC Lille
2017,Ligue 1,34,363.8,8559423.0,1.6666666666666667,OGC Nice
2017,Ligue 1,29,236.8,8559423.0,1.6666666666666667,FC Metz
2017,Ligue 1,39,204.1,8559423.0,1.6666666666666667,AS Monaco
2017,Ligue 1,37,155.45,8559423.0,1.6666666666666667,Toulouse FC
2017,Ligue 1,35,131.25,8559423.0,1.6666666666666667,Paris Saint-Germain
2017,Ligue 1,28,110.45,8559423.0,1.6666666666666667,Clermont Foot 63
2017,Ligue 1,40,106.88,8559423.0,1.6666666666666667,Olympique Marsilya
2017,Ligue 1,36,105.7,8559423.0,1.6666666666666667,FC Lorient
2017,Ligue 1,32,96.75,8559423.0,1.6666666666666667,RC Lens
2017,Ligue 1,30,71.85,8559423.0,1.6666666666666667,RC Strasbourg Alsace
2017,Ligue 1,35,70.3,8559423.0,1.6666666666666667,Paris Saint-Germain
2017,Ligue 1,34,69.85,8559423.0,1.6666666666666667,OGC Nice
2017,Ligue 1,33,69.55,8559423.0,1.6666666666666667,Stade Rennes
2017,Ligue 1,33,60.1,8559423.0,1.6666666666666667,Stade Rennes
2017,Ligue 1,30,51.9,8559423.0,1.6666666666666667,RC Strasbourg Alsace
2017,Ligue 1,44,51.2,8559423.0,1.6666666666666667,Team_44
2017,Ligue 1,31,45.6,8559423.0,1.6666666666666667,Montpellier HSC
2017,Ligue 1,30,45.05,8559423.0,1.6666666666666667,RC Strasbourg Alsace
2018,Ligue 1,39,1010.0,8665265.0,2.25,AS Monaco
2018,Ligue 1,34,467.95,8665265.0,2.25,OGC Nice
2018,Ligue 1,57,385.83,8665265.0,2.25,Team_57
2018,Ligue 1,32,267.55,8665265.0,2.25,RC Lens
2018,Ligue 1,33,258.35,8665265.0,2.25,Stade Rennes
2018,Ligue 1,38,183.2,8665265.0,2.25,LOSC Lille
2018,Ligue 1,43,179.0,8665265.0,2.25,Stade Brest 29
2018,Ligue 1,41,168.45,8665265.0,2.25,Le Havre AC
2018,Ligue 1,42,131.25,8665265.0,2.25,Olympique Lyon
2018,Ligue 1,40,119.5,8665265.0,2.25,Olympique Marsilya
2018,Ligue 1,40,113.25,8665265.0,2.25,Olympique Marsilya
2018,Ligue 1,32,109.85,8665265.0,2.25,RC Lens
2018,Ligue 1,33,98.0,8665265.0,2.25,Stade Rennes
2018,Ligue 1,31,88.15,8665265.0,2.25,Montpellier HSC
2018,Ligue 1,37,86.95,8665265.0,2.25,Toulouse FC
2018,Ligue 1,38,79.7,8665265.0,2.25,LOSC Lille
2018,Ligue 1,37,70.65,8665265.0,2.25,Toulouse FC
2018,Ligue 1,36,70.5,8665265.0,2.25,FC Lorient
2018,Ligue 1,39,67.55,8665265.0,2.25,AS Monaco
2018,Ligue 1,32,65.8,8665265.0,2.25,RC Lens
2019,Ligue 1,35,874.15,6285741.0,4.166666666666667,Paris Saint-Germain
2019,Ligue 1,33,384.55,6285741.0,4.166666666666667,Stade Rennes
2019,Ligue 1,39,331.03,6285741.0,4.166666666666667,AS Monaco
2019,Ligue 1,31,247.78,6285741.0,4.166666666666667,Montpellier HSC
2019,Ligue 1,34,216.15,6285741.0,4.166666666666667,OGC Nice
2019,Ligue 1,37,173.45,6285741.0,4.166666666666667,Toulouse FC
2019,Ligue 1,33,171.88,6285741.0,4.166666666666667,Stade Rennes
2019,Ligue 1,31,125.35,6285741.0,4.166666666666667,Montpellier HSC
2019,Ligue 1,35,106.15,6285741.0,4.166666666666667,Paris Saint-Germain
2019,Ligue 1,41,104.83,6285741.0,4.166666666666667,Le Havre AC
2019,Ligue 1,31,91.13,6285741.0,4.166666666666667,Montpellier HSC
2019,Ligue 1,31,89.48,6285741.0,4.166666666666667,Montpellier HSC
2019,Ligue 1,30,81.68,6285741.0,4.166666666666667,RC Strasbourg Alsace
2019,Ligue 1,31,81.68,6285741.0,4.166666666666667,Montpellier HSC
2019,Ligue 1,35,71.88,6285741.0,4.166666666666667,Paris Saint-Germain
2019,Ligue 1,37,61.93,6285741.0,4.166666666666667,Toulouse FC
2019,Ligue 1,32,54.1,6285741.0,4.166666666666667,RC Lens
2019,Ligue 1,31,50.23,6285741.0,4.166666666666667,Montpellier HSC
2019,Ligue 1,35,49.65,6285741.0,4.166666666666667,Paris Saint-Germain
2019,Ligue 1,28,47.78,6285741.0,4.166666666666667,Clermont Foot 63
2020,Ligue 1,41,805.0,7088120.0,4.916666666666667,Le Havre AC
2020,Ligue 1,40,431.35,7088120.0,4.916666666666667,Olympique Marsilya
2020,Ligue 1,33,370.35,7088120.0,4.916666666666667,Stade Rennes
2020,Ligue 1,32,323.2,7088120.0,4.916666666666667,RC Lens
2020,Ligue 1,37,297.5,7088120.0,4.916666666666667,Toulouse FC
2020,Ligue 1,37,247.95,7088120.0,4.916666666666667,Toulouse FC
2020,Ligue 1,41,236.1,7088120.0,4.916666666666667,Le Havre AC
2020,Ligue 1,43,154.5,7088120.0,4.916666666666667,Stade Brest 29
2020,Ligue 1,34,113.85,7088120.0,4.916666666666667,OGC Nice
2020,Ligue 1,38,111.65,7088120.0,4.916666666666667,LOSC Lille
2020,Ligue 1,34,109.65,7088120.0,4.916666666666667,OGC Nice
2020,Ligue 1,36,105.7,7088120.0,4.916666666666667,FC Lorient
2020,Ligue 1,34,105.18,7088120.0,4.916666666666667,OGC Nice
2020,Ligue 1,36,104.3,7088120.0,4.916666666666667,FC Lorient
2020,Ligue 1,35,103.5,7088120.0,4.916666666666667,Paris Saint-Germain
2020,Ligue 1,32,103.23,7088120.0,4.916666666666667,RC Lens
2020,Ligue 1,32,94.75,7088120.0,4.916666666666667,RC Lens
2020,Ligue 1,34,72.88,7088120.0,4.916666666666667,OGC Nice
2020,Ligue 1,37,65.63,7088120.0,4.916666666666667,Toulouse FC
2020,Ligue 1,36,60.4,7088120.0,4.916666666666667,FC Lorient
2021,Ligue 1,41,875.15,7890499.0,23.166666666666668,Le Havre AC
2021,Ligue 1,40,397.7,7890499.0,23.166666666666668,Olympique Marsilya
2021,Ligue 1,41,396.0,7890499.0,23.166666666666668,Le Havre AC
2021,Ligue 1,41,306.88,7890499.0,23.166666666666668,Le Havre AC
2021,Ligue 1,36,305.35,7890499.0,23.166666666666668,FC Lorient
2021,Ligue 1,38,284.7,7890499.0,23.166666666666668,LOSC Lille
2021,Ligue 1,34,266.05,7890499.0,23.166666666666668,OGC Nice
2021,Ligue 1,35,154.05,7890499.0,23.166666666666668,Paris Saint-Germain
2021,Ligue 1,40,149.4,7890499.0,23.166666666666668,Olympique Marsilya
2021,Ligue 1,36,144.6,7890499.0,23.166666666666668,FC Lorient
2021,Ligue 1,33,120.05,7890499.0,23.166666666666668,Stade Rennes
2021,Ligue 1,54,116.85,7890499.0,23.166666666666668,Team_54
2021,Ligue 1,31,112.65,7890499.0,23.166666666666668,Montpellier HSC
2021,Ligue 1,44,105.65,7890499.0,23.166666666666668,Team_44
2021,Ligue 1,30,103.15,7890499.0,23.166666666666668,RC Strasbourg Alsace
2021,Ligue 1,41,91.05,7890499.0,23.166666666666668,Le Havre AC
2021,Ligue 1,38,89.5,7890499.0,23.166666666666668,LOSC Lille
2021,Ligue 1,50,73.2,7890499.0,23.166666666666668,Team_50
2021,Ligue 1,35,61.3,7890499.0,23.166666666666668,Paris Saint-Germain
2021,Ligue 1,39,55.1,7890499.0,23.166666666666668,AS Monaco
2022,Ligue 1,37,891.1,9009458.0,14.166666666666666,Toulouse FC
2022,Ligue 1,38,387.75,9009458.0,14.166666666666666,LOSC Lille
2022,Ligue 1,32,368.3,9009458.0,14.166666666666666,RC Lens
2022,Ligue 1,34,350.95,9009458.0,14.166666666666666,OGC Nice
2022,Ligue 1,37,331.55,9009458.0,14.166666666666666,Toulouse FC
2022,Ligue 1,41,310.8,9009458.0,14.166666666666666,Le Havre AC
2022,Ligue 1,33,247.95,9009458.0,14.166666666666666,Stade Rennes
2022,Ligue 1,39,238.2,9009458.0,14.166666666666666,AS Monaco
2022,Ligue 1,42,175.45,9009458.0,14.166666666666666,Olympique Lyon
2022,Ligue 1,40,159.05,9009458.0,14.166666666666666,Olympique Marsilya
2022,Ligue 1,39,142.9,9009458.0,14.166666666666666,AS Monaco
2022,Ligue 1,36,123.55,9009458.0,14.166666666666666,FC Lorient
2022,Ligue 1,37,119.28,9009458.0,14.166666666666666,Toulouse FC
2022,Ligue 1,37,104.8,9009458.0,14.166666666666666,Toulouse FC
2022,Ligue 1,32,76.65,9009458.0,14.166666666666666,RC Lens
2022,Ligue 1,41,76.3,9009458.0,14.166666666666666,Le Havre AC
2022,Ligue 1,44,71.8,9009458.0,14.166666666666666,Team_44
2022,Ligue 1,42,54.8,9009458.0,14.166666666666666,Olympique Lyon
2022,Ligue 1,33,48.0,9009458.0,14.166666666666666,Stade Rennes
2022,Ligue 1,41,27.0,9009458.0,14.166666666666666,Le Havre AC
2023,Ligue 1,36,1020.0,8187990.0,14.333333333333334,FC Lorient
2023,Ligue 1,40,398.55,8187990.0,14.333333333333334,Olympique Marsilya
2023,Ligue 1,36,375.35,8187990.0,14.333333333333334,FC Lorient
2023,Ligue 1,41,328.9,8187990.0,14.333333333333334,Le Havre AC
2023,Ligue 1,49,311.4,8187990.0,14.333333333333334,Team_49
2023,Ligue 1,39,305.95,8187990.0,14.333333333333334,AS Monaco
2023,Ligue 1,38,268.78,8187990.0,14.333333333333334,LOSC Lille
2023,Ligue 1,38,205.6,8187990.0,14.333333333333334,LOSC Lille
2023,Ligue 1,39,157.7,8187990.0,14.333333333333334,AS Monaco
2023,Ligue 1,37,145.58,8187990.0,14.333333333333334,Toulouse FC
2023,Ligue 1,39,145.2,8187990.0,14.333333333333334,AS Monaco
2023,Ligue 1,39,134.55,8187990.0,14.333333333333334,AS Monaco
2023,Ligue 1,45,131.85,8187990.0,14.333333333333334,Team_45
2023,Ligue 1,43,125.9,8187990.0,14.333333333333334,Stade Brest 29
2023,Ligue 1,31,115.15,8187990.0,14.333333333333334,Montpellier HSC
2023,Ligue 1,35,72.5,8187990.0,14.333333333333334,Paris Saint-Germain
2023,Ligue 1,37,65.4,8187990.0,14.333333333333334,Toulouse FC
2023,Ligue 1,36,61.35,8187990.0,14.333333333333334,FC Lorient
2024,Ligue 1,34,1140.0,8551612.0,9.916666666666666,OGC Nice
2024,Ligue 1,37,411.15,8551612.0,9.916666666666666,Toulouse FC
2024,Ligue 1,40,358.0,8551612.0,9.916666666666666,Olympique Marsilya
2024,Ligue 1,40,336.6,8551612.0,9.916666666666666,Olympique Marsilya
2024,Ligue 1,37,309.85,8551612.0,9.916666666666666,Toulouse FC
2024,Ligue 1,42,307.85,8551612.0,9.916666666666666,Olympique Lyon
2024,Ligue 1,43,294.7,8551612.0,9.916666666666666,Stade Brest 29
2024,Ligue 1,41,227.05,8551612.0,9.916666666666666,Le Havre AC
2024,Ligue 1,43,221.45,8551612.0,9.916666666666666,Stade Brest 29
2024,Ligue 1,40,152.5,8551612.0,9.916666666666666,Olympique Marsilya
2024,Ligue 1,34,121.6,8551612.0,9.916666666666666,OGC Nice
2024,Ligue 1,34,114.65,8551612.0,9.916666666666666,OGC Nice
2024,Ligue 1,37,110.65,8551612.0,9.916666666666666,Toulouse FC
2024,Ligue 1,39,86.9,8551612.0,9.916666666666666,AS Monaco
2024,Ligue 1,39,81.6,8551612.0,9.916666666666666,AS Monaco
2024,Ligue 1,42,70.55,8551612.0,9.916666666666666,Olympique Lyon
2024,Ligue 1,40,65.85,8551612.0,9.916666666666666,Olympique Marsilya
2024,Ligue 1,38,51.65,8551612.0,9.916666666666666,LOSC Lille
2015,Süper Lig,40,168.8,2578503.0,8.083333333333334,Galatasaray SK
2015,Süper Lig,36,127.95,2578503.0,8.083333333333334,Fenerbahçe SK
2015,Süper Lig,34,117.23,2578503.0,8.083333333333334,Beşiktaş JK
2015,Süper Lig,50,107.3,2578503.0,8.083333333333334,Trabzonspor
2015,Süper Lig,42,81.0,2578503.0,8.083333333333334,İstanbul Başakşehir FK
2015,Süper Lig,33,55.65,2578503.0,8.083333333333334,Adana Demirspor
2015,Süper Lig,30,54.1,2578503.0,8.083333333333334,Samsunspor
2015,Süper Lig,48,47.55,2578503.0,8.083333333333334,Çaykur Rizespor
2015,Süper Lig,38,44.6,2578503.0,8.083333333333334,Kayserispor
2015,Süper Lig,32,39.35,2578503.0,8.083333333333334,Ankaragücü
2015,Süper Lig,47,38.58,2578503.0,8.083333333333334,Alanyaspor
2015,Süper Lig,40,38.3,2578503.0,8.083333333333334,Galatasaray SK
2015,Süper Lig,36,37.35,2578503.0,8.083333333333334,Fenerbahçe SK
2015,Süper Lig,29,36.65,2578503.0,8.083333333333334,Fatih Karagümrük
2015,Süper Lig,33,36.05,2578503.0,8.083333333333334,Adana Demirspor
2015,Süper Lig,34,34.75,2578503.0,8.083333333333334,Beşiktaş JK
2015,Süper Lig,34,32.05,2578503.0,8.083333333333334,Beşiktaş JK
2015,Süper Lig,35,21.68,2578503.0,8.083333333333334,Konyaspor
2016,Süper Lig,45,136.8,2605602.0,7.583333333333333,Antalyaspor
2016,Süper Lig,38,103.95,2605602.0,7.583333333333333,Kayserispor
2016,Süper Lig,39,88.35,2605602.0,7.583333333333333,Sivasspor
2016,Süper Lig,38,60.0,2605602.0,7.583333333333333,Kayserispor
2016,Süper Lig,32,59.85,2605602.0,7.583333333333333,Ankaragücü
2016,Süper Lig,43,48.3,2605602.0,7.583333333333333,Kasımpaşa
2016,Süper Lig,38,35.7,2605602.0,7.583333333333333,Kayserispor
2016,Süper Lig,47,34.78,2605602.0,7.583333333333333,Alanyaspor
2016,Süper Lig,36,34.35,2605602.0,7.583333333333333,Fenerbahçe SK
2016,Süper Lig,38,33.2,2605602.0,7.583333333333333,Kayserispor
2016,Süper Lig,36,32.55,2605602.0,7.583333333333333,Fenerbahçe SK
2016,Süper Lig,30,31.8,2605602.0,7.583333333333333,Samsunspor
2016,Süper Lig,37,31.78,2605602.0,7.583333333333333,Hatayspor
2016,Süper Lig,37,29.0,2605602.0,7.583333333333333,Hatayspor
2016,Süper Lig,40,28.75,2605602.0,7.583333333333333,Galatasaray SK
2016,Süper Lig,40,24.68,2605602.0,7.583333333333333,Galatasaray SK
2016,Süper Lig,41,22.58,2605602.0,7.583333333333333,Gaziantep FK
2016,Süper Lig,34,15.88,2605602.0,7.583333333333333,Beşiktaş JK
2017,Süper Lig,40,122.55,2441172.0,12.416666666666666,Galatasaray SK
2017,Süper Lig,41,96.05,2441172.0,12.416666666666666,Gaziantep FK
2017,Süper Lig,35,74.93,2441172.0,12.416666666666666,Konyaspor
2017,Süper Lig,34,64.55,2441172.0,12.416666666666666,Beşiktaş JK
2017,Süper Lig,33,51.8,2441172.0,12.416666666666666,Adana Demirspor
2017,Süper Lig,44,31.9,2441172.0,12.416666666666666,Pendikspor
2017,Süper Lig,36,30.15,2441172.0,12.416666666666666,Fenerbahçe SK
2017,Süper Lig,38,29.18,2441172.0,12.416666666666666,Kayserispor
2017,Süper Lig,35,26.28,2441172.0,12.416666666666666,Konyaspor
2017,Süper Lig,43,25.5,2441172.0,12.416666666666666,Kasımpaşa
2017,Süper Lig,37,24.6,2441172.0,12.416666666666666,Hatayspor
2017,Süper Lig,32,23.8,2441172.0,12.416666666666666,Ankaragücü
2017,Süper Lig,35,22.93,2441172.0,12.416666666666666,Konyaspor
2017,Süper Lig,33,22.65,2441172.0,12.416666666666666,Adana Demirspor
2017,Süper Lig,36,18.73,2441172.0,12.416666666666666,Fenerbahçe SK
2017,Süper Lig,32,18.6,2441172.0,12.416666666666666,Ankaragücü
2017,Süper Lig,35,16.9,2441172.0,12.416666666666666,Konyaspor
2017,Süper Lig,44,14.75,2441172.0,12.416666666666666,Pendikspor
2018,Süper Lig,43,129.8,3549563.0,22.25,Kasımpaşa
2018,Süper Lig,47,103.5,3549563.0,22.25,Alanyaspor
2018,Süper Lig,42,77.75,3549563.0,22.25,İstanbul Başakşehir FK
2018,Süper Lig,38,60.3,3549563.0,22.25,Kayserispor
2018,Süper Lig,42,54.63,3549563.0,22.25,İstanbul Başakşehir FK
2018,Süper Lig,34,39.45,3549563.0,22.25,Beşiktaş JK
2018,Süper Lig,35,34.35,3549563.0,22.25,Konyaspor
2018,Süper Lig,45,29.5,3549563.0,22.25,Antalyaspor
2018,Süper Lig,38,28.15,3549563.0,22.25,Kayserispor
2018,Süper Lig,47,24.75,3549563.0,22.25,Alanyaspor
2018,Süper Lig,30,23.1,3549563.0,22.25,Samsunspor
2018,Süper Lig,41,22.53,3549563.0,22.25,Gaziantep FK
2018,Süper Lig,44,21.23,3549563.0,22.25,Pendikspor
2018,Süper Lig,50,21.08,3549563.0,22.25,Trabzonspor
2018,Süper Lig,34,19.38,3549563.0,22.25,Beşiktaş JK
2018,Süper Lig,37,19.25,3549563.0,22.25,Hatayspor
2018,Süper Lig,35,16.03,3549563.0,22.25,Konyaspor
2018,Süper Lig,39,11.78,3549563.0,22.25,Sivasspor
2019,Süper Lig,42,105.13,3120890.0,27.416666666666668,İstanbul Başakşehir FK
2019,Süper Lig,42,87.03,3120890.0,27.416666666666668,İstanbul Başakşehir FK
2019,Süper Lig,39,75.9,3120890.0,27.416666666666668,Sivasspor
2019,Süper Lig,37,63.25,3120890.0,27.416666666666668,Hatayspor
2019,Süper Lig,38,53.85,3120890.0,27.416666666666668,Kayserispor
2019,Süper Lig,48,30.0,3120890.0,27.416666666666668,Çaykur Rizespor
2019,Süper Lig,31,27.3,3120890.0,27.416666666666668,İstanbulspor
2019,Süper Lig,37,22.68,3120890.0,27.416666666666668,Hatayspor
2019,Süper Lig,37,22.33,3120890.0,27.416666666666668,Hatayspor
2019,Süper Lig,58,21.58,3120890.0,27.416666666666668,Team_58
2019,Süper Lig,34,21.3,3120890.0,27.416666666666668,Beşiktaş JK
2019,Süper Lig,38,20.23,3120890.0,27.416666666666668,Kayserispor
2019,Süper Lig,33,20.1,3120890.0,27.416666666666668,Adana Demirspor
2019,Süper Lig,49,19.15,3120890.0,27.416666666666668,Team_49
2019,Süper Lig,37,17.23,3120890.0,27.416666666666668,Hatayspor
2019,Süper Lig,34,15.95,3120890.0,27.416666666666668,Beşiktaş JK
2019,Süper Lig,35,13.75,3120890.0,27.416666666666668,Konyaspor
2019,Süper Lig,46,11.85,3120890.0,27.416666666666668,Team_46
2020,Süper Lig,44,115.45,3134754.5,28.25,Pendikspor
2020,Süper Lig,36,107.63,3134754.5,28.25,Fenerbahçe SK
2020,Süper Lig,35,104.5,3134754.5,28.25,Konyaspor
2020,Süper Lig,43,99.13,3134754.5,28.25,Kasımpaşa
2020,Süper Lig,44,69.23,3134754.5,28.25,Pendikspor
2020,Süper Lig,32,49.68,3134754.5,28.25,Ankaragücü
2020,Süper Lig,39,38.88,3134754.5,28.25,Sivasspor
2020,Süper Lig,44,38.45,3134754.5,28.25,Pendikspor
2020,Süper Lig,42,37.53,3134754.5,28.25,İstanbul Başakşehir FK
2020,Süper Lig,39,36.15,3134754.5,28.25,Sivasspor
2020,Süper Lig,33,30.7,3134754.5,28.25,Adana Demirspor
2020,Süper Lig,42,30.7,3134754.5,28.25,İstanbul Başakşehir FK
2020,Süper Lig,37,30.23,3134754.5,28.25,Hatayspor
2020,Süper Lig,43,29.88,3134754.5,28.25,Kasımpaşa
2020,Süper Lig,40,28.48,3134754.5,28.25,Galatasaray SK
2020,Süper Lig,35,27.48,3134754.5,28.25,Konyaspor
2020,Süper Lig,47,23.03,3134754.5,28.25,Alanyaspor
2020,Süper Lig,42,20.7,3134754.5,28.25,İstanbul Başakşehir FK
2020,Süper Lig,43,16.23,3134754.5,28.25,Kasımpaşa
2020,Süper Lig,47,15.53,3134754.5,28.25,Alanyaspor
2020,Süper Lig,45,14.18,3134754.5,28.25,Antalyaspor
2021,Süper Lig,44,152.13,3148619.0,52.833333333333336,Pendikspor
2021,Süper Lig,46,130.63,3148619.0,52.833333333333336,Team_46
2021,Süper Lig,41,123.88,3148619.0,52.833333333333336,Gaziantep FK
2021,Süper Lig,41,101.53,3148619.0,52.833333333333336,Gaziantep FK
2021,Süper Lig,42,62.88,3148619.0,52.833333333333336,İstanbul Başakşehir FK
2021,Süper Lig,41,52.28,3148619.0,52.833333333333336,Gaziantep FK
2021,Süper Lig,33,46.9,3148619.0,52.833333333333336,Adana Demirspor
2021,Süper Lig,41,46.0,3148619.0,52.833333333333336,Gaziantep FK
2021,Süper Lig,39,43.15,3148619.0,52.833333333333336,Sivasspor
2021,Süper Lig,47,40.9,3148619.0,52.833333333333336,Alanyaspor
2021,Süper Lig,41,37.65,3148619.0,52.833333333333336,Gaziantep FK
2021,Süper Lig,35,36.18,3148619.0,52.833333333333336,Konyaspor
2021,Süper Lig,40,36.15,3148619.0,52.833333333333336,Galatasaray SK
2021,Süper Lig,43,31.7,3148619.0,52.833333333333336,Kasımpaşa
2021,Süper Lig,35,30.58,3148619.0,52.833333333333336,Konyaspor
2021,Süper Lig,35,30.28,3148619.0,52.833333333333336,Konyaspor
2021,Süper Lig,49,24.68,3148619.0,52.833333333333336,Team_49
2021,Süper Lig,43,24.0,3148619.0,52.833333333333336,Kasımpaşa
2021,Süper Lig,49,20.38,3148619.0,52.833333333333336,Team_49
2021,Süper Lig,36,14.25,3148619.0,52.833333333333336,Fenerbahçe SK
2022,Süper Lig,42,202.65,3888609.0,41.41666666666666,İstanbul Başakşehir FK
2022,Süper Lig,43,193.23,3888609.0,41.41666666666666,Kasımpaşa
2022,Süper Lig,47,135.3,3888609.0,41.41666666666666,Alanyaspor
2022,Süper Lig,44,127.7,3888609.0,41.41666666666666,Pendikspor
2022,Süper Lig,43,75.1,3888609.0,41.41666666666666,Kasımpaşa
2022,Süper Lig,44,57.65,3888609.0,41.41666666666666,Pendikspor
2022,Süper Lig,38,48.58,3888609.0,41.41666666666666,Kayserispor
2022,Süper Lig,42,43.28,3888609.0,41.41666666666666,İstanbul Başakşehir FK
2022,Süper Lig,43,41.6,3888609.0,41.41666666666666,Kasımpaşa
2022,Süper Lig,51,40.48,3888609.0,41.41666666666666,Team_51
2022,Süper Lig,40,40.33,3888609.0,41.41666666666666,Galatasaray SK
2022,Süper Lig,47,39.23,3888609.0,41.41666666666666,Alanyaspor
2022,Süper Lig,36,31.05,3888609.0,41.41666666666666,Fenerbahçe SK
2022,Süper Lig,38,28.93,3888609.0,41.41666666666666,Kayserispor
2022,Süper Lig,30,24.1,3888609.0,41.41666666666666,Samsunspor
2022,Süper Lig,34,23.03,3888609.0,41.41666666666666,Beşiktaş JK
2022,Süper Lig,45,18.43,3888609.0,41.41666666666666,Antalyaspor
2022,Süper Lig,36,18.38,3888609.0,41.41666666666666,Fenerbahçe SK
2022,Süper Lig,42,12.05,3888609.0,41.41666666666666,İstanbul Başakşehir FK
2023,Süper Lig,46,255.65,4228303.0,43.91666666666666,Team_46
2023,Süper Lig,55,218.3,4228303.0,43.91666666666666,Team_55
2023,Süper Lig,49,146.88,4228303.0,43.91666666666666,Team_49
2023,Süper Lig,40,118.38,4228303.0,43.91666666666666,Galatasaray SK
2023,Süper Lig,43,54.15,4228303.0,43.91666666666666,Kasımpaşa
2023,Süper Lig,52,53.3,4228303.0,43.91666666666666,Team_52
2023,Süper Lig,41,34.88,4228303.0,43.91666666666666,Gaziantep FK
2023,Süper Lig,42,34.15,4228303.0,43.91666666666666,İstanbul Başakşehir FK
2023,Süper Lig,39,34.05,4228303.0,43.91666666666666,Sivasspor
2023,Süper Lig,43,33.38,4228303.0,43.91666666666666,Kasımpaşa
2023,Süper Lig,37,32.53,4228303.0,43.91666666666666,Hatayspor
2023,Süper Lig,45,32.33,4228303.0,43.91666666666666,Antalyaspor
2023,Süper Lig,42,32.28,4228303.0,43.91666666666666,İstanbul Başakşehir FK
2023,Süper Lig,39,31.48,4228303.0,43.91666666666666,Sivasspor
2023,Süper Lig,47,30.38,4228303.0,43.91666666666666,Alanyaspor
2023,Süper Lig,43,28.98,4228303.0,43.91666666666666,Kasımpaşa
2023,Süper Lig,39,28.9,4228303.0,43.91666666666666,Sivasspor
2023,Süper Lig,38,24.03,4228303.0,43.91666666666666,Kayserispor
2023,Süper Lig,42,23.38,4228303.0,43.91666666666666,İstanbul Başakşehir FK
2023,Süper Lig,44,12.93,4228303.0,43.91666666666666,Pendikspor
2024,Süper Lig,49,317.28,3925748.0,42.91666666666666,Team_49
2024,Süper Lig,44,269.83,3925748.0,42.91666666666666,Pendikspor
2024,Süper Lig,40,137.38,3925748.0,42.91666666666666,Galatasaray SK
2024,Süper Lig,49,117.68,3925748.0,42.91666666666666,Team_49
2024,Süper Lig,39,65.18,3925748.0,42.91666666666666,Sivasspor
2024,Süper Lig,36,53.6,3925748.0,42.91666666666666,Fenerbahçe SK
2024,Süper Lig,36,40.73,3925748.0,42.91666666666666,Fenerbahçe SK
2024,Süper Lig,44,35.48,3925748.0,42.91666666666666,Pendikspor
2024,Süper Lig,49,35.3,3925748.0,42.91666666666666,Team_49
2024,Süper Lig,37,33.48,3925748.0,42.91666666666666,Hatayspor
2024,Süper Lig,44,26.53,3925748.0,42.91666666666666,Pendikspor
2024,Süper Lig,43,24.06,3925748.0,42.91666666666666,Kasımpaşa
2024,Süper Lig,44,23.58,3925748.0,42.91666666666666,Pendikspor
2024,Süper Lig,41,22.38,3925748.0,42.91666666666666,Gaziantep FK
2024,Süper Lig,40,22.08,3925748.0,42.91666666666666,Galatasaray SK
2024,Süper Lig,43,20.5,3925748.0,42.91666666666666,Kasımpaşa
2024,Süper Lig,44,19.95,3925748.0,42.91666666666666,Pendikspor
2024,Süper Lig,34,17.7,3925748.0,42.91666666666666,Beşiktaş JK
2024,Süper Lig,45,17.2,3925748.0,42.91666666666666,Antalyaspor
